agencyID|employeeID|PESEL|Emp Name|Emp Surname|Date of Birth|Education|Seniority|endWorkDate|Trips Sold
0|0|33251670906|Mary|Byrd|1960-10-26|Collage|2014-08-25||138
1|1|10431741297|Robert|Odom|1975-10-30|PhD|2001-10-12||126
2|2|79131200633|Ariel|Fisher|1971-07-28|Middle School|2013-07-07||129
3|3|95600193416|John|Fowler|1978-07-23|Collage|2019-08-30||146
4|4|60525068739|Nicole|Edwards|2002-08-24|Middle School|2014-05-17||11
5|5|18049513303|Darryl|Knox|1970-03-21|PhD|2007-05-11||120
6|6|50696810000|Brenda|Perry|1968-02-04|Middle School|2006-09-08||37
7|7|33080723157|David|Escobar|1960-05-22|Collage|2017-09-09||195
8|8|38647888673|Edgar|Foster|1982-10-22|Middle School|2002-08-09|2005-04-28|54
9|9|95188022323|Brittney|Miller|1965-03-14|Master|2014-12-06||192
10|10|16870129830|Rebecca|Hayes|1976-07-14|Master|2019-04-20||41
11|11|36460594671|Mary|Lyons|1981-09-13|PhD|2020-01-14||34
12|12|80344605335|Todd|Torres|1988-02-03|Highschool|2019-09-28||175
13|13|10764717801|Karen|Romero|1996-08-01|PhD|2014-03-16||16
14|14|44081949742|Jodi|Miller|1984-03-21|Highschool|2007-12-13|2010-07-27|184
15|15|96909437651|Brian|Martin|1997-12-22|Middle School|2002-01-17||163
16|16|60005320990|Jordan|Harris|1994-02-22|Master|2006-07-18||104
17|17|23425114681|Henry|Bailey|1993-08-25|Middle School|2002-12-26||198
18|18|23360642197|Robert|Anderson|1955-08-09|PhD|2004-05-30|2006-01-14|80
19|19|28547049263|Dennis|Campbell|1995-03-20|Highschool|2000-08-26||138
20|20|15437186623|Daniel|Myers|1962-08-27|Highschool|2020-12-05||172
21|21|37738964494|Christopher|Petersen|1984-03-31|Master|2008-08-08||190
22|22|97729144779|Steven|Fleming|1956-06-19|Highschool|2018-02-23||88
23|23|82381824083|Michael|Reed|1981-09-25|Collage|2000-06-18||192
24|24|67948019165|Robert|Hernandez|1968-06-02|Middle School|2000-09-21||17
25|25|28695028885|Robert|Bailey|1987-04-29|Master|2007-04-29||113
26|26|56818090625|Danielle|Gomez|1986-04-04|Master|2013-01-10|2013-04-02|34
27|27|77274802339|Peter|Simon|1966-08-14|PhD|2020-12-30|2022-12-16|30
28|28|77468518780|Abigail|Mcbride|1955-06-09|Highschool|2010-06-14||164
29|29|89101798089|Nichole|Massey|1957-09-18|Highschool|2007-09-12|2008-10-23|18
30|30|50842409980|Melissa|Moore|1969-02-20|Master|2000-12-09||14
31|31|14471405190|Jeffery|Anderson|1990-12-14|Master|2006-03-27||57
32|32|94925146752|Jenna|Torres|2002-08-03|Master|2013-04-10|2014-04-14|122
33|33|69181340621|Jamie|Leon|1963-12-22|Collage|2008-02-11||75
34|34|34543146911|Kristin|Combs|1960-10-23|Collage|2004-04-03||5
35|35|21386100725|Angela|Vaughn|1965-08-08|Master|2000-09-30||37
36|36|17769346538|Tammy|Davenport|1992-01-22|PhD|2000-06-04||195
37|37|44409207170|Gloria|Patterson|2001-01-29|Highschool|2020-02-20||88
38|38|33985624836|Mark|Wade|1983-06-03|PhD|2005-01-12|2007-01-27|132
39|39|32319981811|Donna|Hart|1968-11-28|Middle School|2002-06-29||165
40|40|51862604397|Jennifer|Davis|1966-06-10|Highschool|2017-05-30||52
41|41|99086055567|Kathleen|Owens|1996-05-03|PhD|2001-05-02|2003-09-19|98
42|42|90481050201|Lisa|Clark|1981-12-08|PhD|2014-09-26||135
43|43|67464046882|Paul|Perez|1999-08-09|Master|2021-04-17|2022-03-28|44
44|44|93240746224|Kevin|Thompson|1960-04-27|Master|2008-09-09||90
45|45|21612682376|Eric|Lynn|1977-07-08|Highschool|2020-02-05||200
46|46|60296588180|Zachary|Rogers|1968-05-29|Collage|2007-02-25||78
47|47|35172851570|Tiffany|Henry|1958-08-30|Middle School|2006-03-14||32
48|48|57995047427|Elizabeth|Burke|1957-05-30|Collage|2007-12-19||117
49|49|60291707346|Tracy|Robinson|1998-05-19|Collage|2007-01-17||35
50|50|87984528046|Elizabeth|Rodriguez|1968-12-23|Master|2005-08-06||49
51|51|91305102421|Jennifer|Singh|1963-11-23|Collage|2015-07-25||185
52|52|45224119440|Stephanie|Rivera|1986-01-16|PhD|2003-08-26||153
53|53|29408942230|Brandi|Peterson|1972-04-15|PhD|2002-03-02||7
54|54|73319267466|Mike|Mason|1993-02-08|PhD|2002-05-29||173
55|55|72752894244|Stephen|Jones|2003-01-05|Highschool|2013-11-08||33
56|56|70930308896|Mark|Campbell|1997-09-04|PhD|2010-04-02||80
57|57|18349227104|Laura|Munoz|1989-05-14|Master|2012-05-29||123
58|58|44834232272|Ernest|Cummings|1989-09-12|Highschool|2008-05-29||101
59|59|10425988420|William|Lam|1955-07-31|Highschool|2002-10-28||42
60|60|77542641718|Mark|Hill|1987-01-28|Collage|2015-05-05||151
61|61|67669301620|Tyler|Adams|1961-05-20|PhD|2008-09-07||125
62|62|63765110453|Ricardo|Miller|1979-04-08|Highschool|2015-04-19||46
63|63|47237166125|Robert|Reed|1989-11-20|Highschool|2005-12-23||93
64|64|51004443922|Susan|Warner|1981-08-17|Master|2004-01-02||84
65|65|88085462525|Mary|Rios|1999-12-27|Master|2009-06-17||113
66|66|99640026901|Jeanette|Elliott|1956-12-03|Master|2004-10-08||108
67|67|37734707913|Anna|Hoffman|1973-03-30|Collage|2020-01-22|2020-05-31|4
68|68|10617819812|Kimberly|Lopez|1972-09-24|Collage|2011-03-12||138
69|69|66064622132|Stephen|Bass|1983-02-28|Collage|2013-10-02||170
70|70|44722462552|Chase|Keith|1992-03-19|Highschool|2018-07-20||177
71|71|37994358312|Megan|Cooper|1978-06-11|Highschool|2000-11-14||12
72|72|67408613092|Kimberly|Frye|1957-08-15|Highschool|2020-02-19||49
73|73|85584736711|Melissa|Terry|1995-10-03|Middle School|2012-02-09||178
74|74|25693545698|Jennifer|Garner|1990-05-24|Collage|2006-09-10||99
75|75|68604055693|Donald|Clark|2002-09-27|Highschool|2012-09-19||4
76|76|49161765205|Susan|Sherman|1968-02-14|Master|2013-05-13||17
77|77|67751996081|Lindsay|Bradshaw|1994-09-21|Middle School|2010-01-01||33
78|78|35723643489|Christopher|Walsh|1957-05-25|Highschool|2014-06-08||39
79|79|21419902891|Patrick|Hoffman|1977-07-29|Highschool|2008-02-17||1
80|80|84517503046|Robert|Thornton|1988-11-02|PhD|2018-07-06|2020-01-11|165
81|81|24172352260|Bob|Boyle|1964-07-20|PhD|2000-05-02||107
82|82|54049346330|Elizabeth|Johnson|1970-07-08|Highschool|2007-08-13||18
83|83|61068772610|Andrea|Dunn|1959-11-06|PhD|2005-09-07||130
84|84|46059125891|Alexander|Durham|1997-05-08|PhD|2014-11-02||9
85|85|70687354855|Randy|Woods|1970-04-09|Collage|2015-05-19||111
86|86|37071085000|Frank|Smith|1999-04-30|PhD|2015-05-31||26
87|87|60976851899|Jeffrey|Schroeder|1989-07-23|PhD|2007-12-05||13
88|88|68183065591|Valerie|Bennett|1983-12-05|Highschool|2016-09-29||107
89|89|13613827762|Aaron|Davidson|1994-09-24|Middle School|2000-05-25||3
90|90|29218769062|Michael|Hopkins|1977-06-29|Middle School|2016-12-30||113
91|91|56262188276|Linda|Combs|1968-06-30|Master|2020-05-08||95
92|92|34941824248|Ricky|Mendoza|1976-12-04|Master|2009-03-07||107
93|93|58513056267|Peter|Hayes|1996-03-17|Middle School|2008-08-12||142
94|94|44223684658|Charles|King|1995-12-08|Highschool|2000-07-03||80
95|95|67664251455|Brittany|Newton|1978-07-25|Middle School|2009-07-08||8
96|96|53588841160|Vanessa|Shannon|1999-10-20|Collage|2018-06-08||29
97|97|11055945787|Tyler|Rasmussen|2000-04-18|Highschool|2002-01-06|2004-07-30|186
98|98|17878749604|Kari|Holmes|1989-07-06|Collage|2014-11-25||24
99|99|18282003676|Amanda|Brown|1966-04-03|Highschool|2011-07-23|2012-01-10|110
100|100|64533496653|Jason|Davis|1995-06-12|Middle School|2006-04-21||193
101|101|92695460832|Roberto|Khan|1964-01-02|Collage|2011-01-27||104
102|102|93912656298|Joseph|Simpson|1989-11-27|Collage|2001-12-20||10
103|103|16421483095|Gina|Elliott|1990-05-27|Highschool|2002-01-27||60
104|104|62971384887|Kevin|Atkinson|1975-04-23|Middle School|2013-06-13||138
105|105|84223823696|David|Stewart|1987-01-29|Collage|2000-10-02||59
106|106|68942820261|Blake|Jones|1994-10-09|Highschool|2002-03-15||92
107|107|74013097082|Tammy|Schaefer|1985-12-25|Master|2007-06-12||99
108|108|18748731924|April|Hurley|1972-11-03|Master|2013-08-31||122
109|109|31678988101|Scott|Chang|1971-01-31|PhD|2010-10-29||105
110|110|95294838353|Jessica|Campbell|1982-08-28|PhD|2019-10-16|2021-05-19|114
111|111|54945126491|Jesse|Berry|1957-07-08|PhD|2019-03-06||132
112|112|47707804725|Cassandra|Garcia|1962-08-12|Collage|2019-11-09||168
113|113|14016637854|Amanda|Shah|1981-01-11|Collage|2017-04-01|2017-06-16|38
114|114|53640072451|Carlos|Robinson|1962-09-28|Collage|2007-02-26||17
115|115|98265715389|Susan|Bell|1963-11-16|Middle School|2018-09-27||103
116|116|77903956459|Dana|Pena|1967-03-25|Highschool|2012-07-04|2012-11-20|128
117|117|77996281045|Crystal|Garcia|1994-12-23|Master|2001-09-26||9
118|118|33198539535|James|Gomez|1975-09-28|PhD|2000-10-19||147
119|119|98118116930|Becky|Martin|1994-08-08|Middle School|2009-12-06||146
120|120|61958999162|Bryan|White|1993-09-27|Collage|2015-07-28||152
121|121|86213868096|Christy|Rodgers|1995-06-08|Middle School|2001-07-19||91
122|122|82247255733|Jessica|Perez|1964-10-20|Collage|2008-09-17||140
123|123|94783850289|Angela|Mckinney|2001-07-17|Highschool|2014-07-23||102
124|124|10133841708|Vanessa|Price|1984-08-01|PhD|2001-07-18||80
125|125|45373485408|Victoria|Hughes|1966-07-24|Master|2018-02-15||114
126|126|59732938162|Barbara|Flores|1960-02-22|Master|2007-03-09||3
127|127|26701836217|Kimberly|Decker|1956-06-11|Middle School|2007-07-17||7
128|128|21190698312|Anne|Meyers|1987-04-27|Middle School|2019-01-11||30
129|129|68436207427|Jeffery|Murray|1975-01-21|Collage|2006-12-05||145
130|130|23379833576|Andrew|Garcia|1968-09-07|Collage|2014-03-05||148
131|131|63669324785|John|Vaughn|1993-12-29|Collage|2007-04-09|2008-03-28|175
132|132|38151989890|Cynthia|Salas|1985-10-11|Master|2000-08-07||106
133|133|13990333990|Henry|Goodwin|1971-10-20|PhD|2017-08-28||32
134|134|31682845146|Garrett|Smith|1963-08-22|Master|2012-02-28||187
135|135|68621088003|Sarah|Hansen|1992-10-19|Collage|2011-05-24||122
136|136|72598157840|David|Walker|1962-06-26|Collage|2002-12-15||63
137|137|95056929690|Lisa|Hicks|1959-02-25|Master|2011-12-02||75
138|138|31732713118|Samuel|Cole|1986-02-02|Highschool|2017-02-04||161
139|139|94599470904|Charles|Taylor|2003-03-29|Middle School|2019-04-28||97
140|140|72446077756|Angela|Taylor|1957-07-31|Highschool|2008-01-22||28
141|141|16473174712|Brian|Moore|1985-07-08|Highschool|2011-03-09||38
142|142|10737148482|Linda|Nelson|1979-08-22|Master|2017-06-11||158
143|143|42206435632|Claudia|Odonnell|1971-07-10|Collage|2000-10-01||133
144|144|45790332066|Jason|Smith|1985-02-09|Collage|2016-12-10||185
145|145|55573251405|Alyssa|Rodriguez|1999-02-03|PhD|2006-02-01||87
146|146|90546477258|Joseph|Harper|2000-05-20|PhD|2006-04-07||4
147|147|46564834741|Nicholas|Peterson|1986-12-22|Highschool|2002-06-30||58
148|148|38154928714|Jaime|Sullivan|1994-07-09|Highschool|2014-05-28||156
149|149|21693537594|Thomas|Green|1980-01-17|PhD|2003-07-15||178
150|150|35631347486|Heather|Parker|1970-11-19|Collage|2015-09-17||119
151|151|19625763846|Michael|Thompson|1985-06-25|Collage|2010-07-14||47
152|152|19198552284|Teresa|Phillips|1990-07-29|Collage|2018-05-29||105
153|153|88362622307|Dustin|Chase|1964-10-20|Master|2014-07-30||196
154|154|17935848013|Diana|Vaughan|1994-05-02|Master|2001-12-18||55
155|155|63046753558|Jasmine|Velasquez|1980-03-02|Collage|2003-11-10||82
156|156|47732948989|Kathleen|Garcia|1962-12-12|PhD|2011-01-07||131
157|157|25273991725|Jill|Alvarez|1972-04-19|Highschool|2008-03-18||131
158|158|95639400761|Amy|Cooper|1977-01-25|Highschool|2015-12-18||175
159|159|46496597260|Ronald|Fitzgerald|1988-12-15|Highschool|2001-07-28||37
160|160|15594988103|Deborah|Brown|1983-06-18|Highschool|2018-06-01||62
161|161|78744216192|Albert|Franklin|1969-01-27|PhD|2017-06-17|2019-12-21|142
162|162|10257609028|Jill|Riddle|1994-12-22|Collage|2007-11-29||151
163|163|62455036811|Jonathon|Morris|1959-06-06|PhD|2006-05-08||92
164|164|73361548142|Katherine|Flores|1984-06-16|Middle School|2002-01-25|2002-04-19|20
165|165|51935859035|John|Garrett|1978-09-22|Collage|2013-02-17||119
166|166|99582964173|James|Allen|1969-05-14|Middle School|2018-09-13||167
167|167|18829939666|Belinda|Sanchez|1997-10-01|Middle School|2012-07-18||140
168|168|39098085061|Devon|Hammond|1986-01-27|PhD|2002-02-19|2004-02-18|70
169|169|95793383825|Matthew|Stewart|1978-04-05|PhD|2016-04-27||171
170|170|57223181604|Melissa|Mays|1998-09-21|Collage|2004-11-07||64
171|171|98177012583|Richard|Nichols|1955-10-28|PhD|2007-03-15||0
172|172|26408354560|Linda|Ali|2001-05-24|Highschool|2005-04-04||30
173|173|19764193589|Steven|Gray|2000-07-26|Master|2018-03-09||117
174|174|96870324361|Julie|Price|1966-03-31|Master|2017-09-15||100
175|175|48810447287|Regina|Gray|1986-10-18|Master|2008-11-06||154
176|176|22995159064|Timothy|Cummings|1967-07-20|Highschool|2007-08-25||135
177|177|41471394271|Cynthia|Johnson|2001-11-22|Collage|2019-04-01||101
178|178|61383807573|Melvin|Chaney|1987-04-07|Middle School|2019-05-17||37
179|179|15005137519|Katherine|Goodwin|2002-08-10|Master|2006-08-15||5
180|180|83133299143|Robert|Davis|1968-03-08|Master|2004-06-28||198
181|181|33800514573|Laura|Moore|1994-03-24|Master|2009-11-09||60
182|182|44097253759|Christopher|Bauer|1967-04-08|Highschool|2007-11-24||116
183|183|39636392757|Donald|Molina|1955-05-18|PhD|2013-08-22||60
184|184|68543879093|Jacob|Allen|1994-10-06|PhD|2008-11-03||61
185|185|27515475489|Mikayla|Davis|1989-06-16|Master|2012-07-30||86
186|186|63640093257|Joshua|Richardson|1959-09-11|Middle School|2018-08-28||60
187|187|81440802178|Chloe|Flores|1991-05-14|PhD|2008-06-11||111
188|188|47565478685|Christopher|Cannon|1958-10-16|PhD|2008-03-19||15
189|189|43012754647|Michael|Walker|1969-02-15|Highschool|2005-09-14||109
190|190|78863670234|William|Jordan|1968-04-16|Collage|2011-06-02||52
191|191|32579204453|Elizabeth|Pitts|1955-12-05|Middle School|2010-10-21||20
192|192|60771919311|Tonya|Riley|1992-07-05|Master|2013-04-02||104
193|193|46314275338|Michael|Garcia|1989-08-03|PhD|2020-03-10||9
194|194|50262440663|Jennifer|Pena|1961-08-06|Middle School|2006-12-08|2007-06-24|126
195|195|48553002144|Dylan|Stevenson|1980-04-06|Collage|2002-05-05||141
196|196|19381361536|Alice|Thompson|1992-01-19|Master|2014-03-09||45
197|197|46574357232|Rebecca|Edwards|1975-03-11|Collage|2007-06-20||133
198|198|80001285816|Kenneth|Hughes|2001-12-09|PhD|2018-02-19||120
199|199|86111000368|Madison|Hahn|1967-03-17|PhD|2007-06-27||1
200|200|10211601147|Andrew|Jackson|1979-11-29|Highschool|2018-11-01|2019-10-04|8
201|201|63962623055|Scott|Meyer|1999-08-13|Middle School|2010-02-28||184
202|202|44884251580|Randall|Fitzpatrick|2000-07-09|PhD|2007-07-29||156
203|203|76797073234|Phillip|Miller|1969-01-29|Collage|2008-08-13||99
204|204|49838115629|Allen|Spencer|1981-09-03|Highschool|2001-09-26||70
205|205|80030727604|Dakota|Moore|1982-02-17|Collage|2005-06-29||143
206|206|48086853469|Willie|Smith|1969-06-06|PhD|2014-02-05||73
207|207|47756179686|Larry|Williams|1974-08-20|Master|2017-04-23|2017-08-19|94
208|208|19356833921|Juan|Miller|1961-06-15|Collage|2015-01-18||184
209|209|40195958148|Lindsay|Allen|1999-09-05|Master|2007-11-19||42
210|210|41942471358|Michele|Frazier|1970-11-16|PhD|2003-07-18||183
211|211|63564833834|Bruce|Sampson|1961-12-21|Collage|2013-07-09||66
212|212|39104157682|Robert|Mack|1984-09-03|Master|2006-05-26||143
213|213|29964794163|Traci|Maddox|1990-12-24|Collage|2009-08-21||161
214|214|33224946683|Michael|Flores|1960-03-26|Master|2010-03-08||161
215|215|51233493565|Karen|Ferguson|1977-11-08|Master|2015-10-01||125
216|216|79844191336|Christina|House|1981-01-21|Highschool|2005-06-29||104
217|217|95407283786|Francisco|Andrews|1960-06-23|Highschool|2003-11-08||124
218|218|84902878885|Cynthia|Dixon|1991-03-05|Middle School|2014-11-03|2016-07-27|99
219|219|47293073600|Christopher|Reyes|1983-07-10|PhD|2001-10-19||186
220|220|57557230684|Jodi|Tyler|1967-09-27|Middle School|2013-07-25||194
221|221|34500491019|Patricia|Phillips|1995-07-15|Middle School|2000-11-28||79
222|222|22123714583|Dana|Ramos|1996-12-27|Collage|2011-09-23|2013-01-24|152
223|223|11176051239|James|Calderon|1997-10-16|Highschool|2003-12-01||123
224|224|96729841986|Regina|Ball|1964-06-08|Master|2010-12-08||175
225|225|89639373777|Joshua|Brandt|1983-08-25|Collage|2013-07-17||138
226|226|71047690164|Courtney|Gardner|1974-11-25|PhD|2011-03-07||51
227|227|40979828591|Valerie|Russo|1970-05-04|Middle School|2005-05-01||196
228|228|48491164069|Regina|Jordan|1959-02-13|Highschool|2006-05-11||40
229|229|21870958765|Rhonda|Hill|1969-09-12|Highschool|2018-03-03|2018-07-05|38
230|230|57299869822|Ashley|Reed|1972-08-11|Master|2000-10-14||112
231|231|13179979018|Steven|Mcbride|1999-01-05|PhD|2000-10-31||57
232|232|94649963910|Gloria|Avila|1997-04-07|PhD|2017-11-11||20
233|233|30160128726|Nicholas|Jackson|2000-04-21|Collage|2001-03-07||124
234|234|75461187201|Veronica|Fowler|1957-05-19|Collage|2014-10-17||120
235|235|35604900101|Ryan|Davis|1992-02-12|PhD|2011-11-16||86
236|236|99034076153|Jesus|Walker|1968-11-12|PhD|2004-06-18||178
237|237|95874583262|Victor|Miller|1986-04-12|Middle School|2019-11-15||61
238|238|31278316785|Kathleen|Kelly|1959-10-20|PhD|2006-02-13||132
239|239|56301351653|Anna|Marsh|1992-11-25|Master|2005-12-14||55
240|240|61764881986|Kelly|Chang|1967-05-29|PhD|2005-08-22||73
241|241|34124368995|Adam|Logan|1989-11-08|PhD|2018-12-27|2021-06-27|98
242|242|62598609887|Charles|Hartman|1967-08-17|PhD|2001-12-06|2003-05-06|27
243|243|77063255150|William|Villarreal|2001-08-03|Highschool|2012-05-13||38
244|244|23725304101|Dillon|Kirk|1982-01-07|Collage|2018-12-10||85
245|245|49360240385|Adam|Stanton|1966-01-21|Collage|2014-07-02||41
246|246|42869163296|Catherine|Martin|1958-05-28|Middle School|2011-06-17||34
247|247|45676422857|Katherine|Woods|1970-10-28|Middle School|2004-12-07||154
248|248|85898131815|Joshua|Hull|1959-08-15|PhD|2008-03-12||176
249|249|26867889346|Paige|Phillips|1958-12-30|PhD|2008-09-19||124
250|250|72557860616|Loretta|Watts|1966-10-17|PhD|2012-09-28||97
251|251|68174489551|Brandon|Campos|1988-05-28|Middle School|2008-11-02||97
252|252|37537089487|Caroline|Cervantes|1971-08-15|Collage|2019-05-28||99
253|253|35221096110|Jerry|Horne|1975-06-07|Highschool|2001-12-02||129
254|254|56776294020|Katherine|Huynh|2001-07-11|PhD|2008-03-15||193
255|255|60696586876|Timothy|Long|1972-10-16|Middle School|2007-06-22||84
256|256|67483684975|Caitlin|Vargas|1965-10-24|Collage|2019-06-10||187
257|257|74095213209|Katherine|Mclaughlin|1956-08-12|Highschool|2006-10-24||114
258|258|25522143630|Jeffrey|Johnson|1983-04-09|Highschool|2008-12-22||100
259|259|21360651599|Lori|Roberts|1983-04-24|Master|2008-09-03||46
260|260|19527750571|Maria|Garza|1958-06-30|Highschool|2017-11-05||86
261|261|51298658772|Luis|Smith|1959-03-16|Highschool|2009-07-31||103
262|262|51237007494|Sharon|Dixon|1989-01-12|Middle School|2003-11-29||62
263|263|40903921776|Matthew|Johnson|1976-09-28|Master|2004-04-28||139
264|264|82658223633|Angela|Pruitt|1987-01-24|Master|2016-12-03||166
265|265|96906728343|George|Brown|1958-11-06|Collage|2016-10-03||146
266|266|10240101737|Jon|Scott|1994-04-05|Collage|2008-03-10||51
267|267|27707829421|Ashley|Holt|1987-05-29|Middle School|2004-07-23||128
268|268|44278796767|Todd|King|1955-12-25|Master|2001-04-26||35
269|269|50469413399|James|Scott|1982-02-25|Collage|2018-04-10||167
270|270|78814268255|Erin|Gordon|1974-02-28|Collage|2018-05-06|2020-06-25|167
271|271|48192837921|Randy|Craig|1988-06-07|Middle School|2007-05-24||125
272|272|21206997133|Timothy|Norman|1996-01-24|Master|2013-03-09||104
273|273|27238146738|Richard|Dougherty|1985-06-02|Collage|2004-11-27||77
274|274|69391972773|Jeffery|Gray|1959-04-05|Middle School|2010-04-03||198
275|275|11735118808|Melissa|Norton|1973-03-24|Middle School|2003-11-01||13
276|276|51933159544|Earl|Grant|1992-04-11|Middle School|2000-05-13||130
277|277|88655335580|James|Black|1969-08-25|PhD|2017-05-12||180
278|278|66903378411|Danielle|Kelly|1964-05-05|PhD|2018-06-18||168
279|279|55548916893|Erika|Richards|1974-07-03|Middle School|2000-06-21||54
280|280|79172773451|Kevin|Carpenter|1980-02-24|Highschool|2004-04-16||135
281|281|28473056965|Richard|Taylor|1996-08-30|Highschool|2011-06-29||157
282|282|41770181127|Timothy|Alexander|1964-04-26|Middle School|2014-12-17||39
283|283|42798507149|Robert|Roberts|1993-05-06|PhD|2002-01-21||30
284|284|46056634451|Jay|Yang|1984-05-22|Middle School|2006-12-28||90
285|285|97007649410|Richard|Mills|1986-08-10|Middle School|2011-01-12||176
286|286|92525308703|Edward|Flowers|1992-12-21|Highschool|2002-08-05||62
287|287|29588390811|John|Sanchez|1981-07-17|Middle School|2009-06-02||38
288|288|70016851772|Eric|Greer|1990-05-13|PhD|2008-02-20||22
289|289|83982672257|Katelyn|Robinson|1969-07-18|Master|2012-06-27||152
290|290|93977959670|John|Richardson|2002-10-27|Collage|2013-10-28|2014-11-07|135
291|291|93179860405|Bobby|Valdez|1978-11-02|Collage|2006-09-18||168
292|292|87579964125|Henry|Shaffer|1987-02-26|Master|2008-05-14||79
293|293|16097695094|Kelly|Grimes|1961-08-21|Master|2003-03-04||15
294|294|45482460884|Jonathan|Pacheco|1988-07-29|Master|2010-09-04||135
295|295|86753365794|Spencer|Murphy|1988-08-13|Highschool|2007-03-05||86
296|296|10777937554|Emily|Pena|1986-10-31|Master|2001-07-27||117
297|297|71316337367|Joshua|Chapman|1997-03-23|PhD|2001-09-01||21
298|298|43302594856|Barbara|Butler|1991-08-25|Highschool|2002-08-15||64
299|299|50858019212|Carrie|Diaz|1981-10-21|Middle School|2011-10-04|2012-10-01|19
300|300|61868900308|Bailey|Bautista|1971-03-02|Collage|2021-01-19||64
301|301|96666785562|Paul|Chan|1957-06-10|Collage|2007-02-19||116
302|302|63657058193|Kerri|King|1978-08-29|Master|2016-04-22||22
303|303|76095518819|Jamie|Prince|1992-02-26|PhD|2020-01-24||88
304|304|40563175196|Colin|Williams|1956-09-06|Highschool|2010-04-17||142
305|305|78544785769|Lisa|Thornton|1989-02-14|Highschool|2010-12-27||65
306|306|17982438394|Ruben|Fowler|1969-11-29|Master|2001-05-22||73
307|307|61559869040|Thomas|Reeves|1966-04-21|Highschool|2003-11-08||87
308|308|57276877678|Rachael|Shaw|1989-10-04|Middle School|2015-11-02||155
309|309|22275891068|Dorothy|Pham|2001-05-29|PhD|2014-10-01||78
310|310|55371463961|Stephanie|Johnston|1962-03-05|PhD|2013-06-27||103
311|311|54565412652|Luke|Ford|1971-01-26|Collage|2014-04-08|2016-11-20|89
312|312|68260785592|John|Hines|1963-05-22|PhD|2001-05-27||85
313|313|31222835934|Joseph|Trevino|1985-03-24|Master|2019-03-24||44
314|314|84441804489|Sally|Barnes|1962-10-27|PhD|2005-04-04||171
315|315|14786137560|Paul|Lamb|2002-07-21|PhD|2005-10-01||94
316|316|34892555555|Andrea|Jones|1965-01-29|Highschool|2020-04-12||102
317|317|14149878859|Mary|Martin|1988-09-09|Collage|2019-06-10||15
318|318|56062777445|Cindy|Abbott|1989-12-09|Middle School|2012-10-19||77
319|319|69442710361|Rhonda|Martin|1994-08-09|PhD|2020-02-18||0
320|320|89008966904|Caleb|Suarez|1957-01-25|PhD|2018-05-04||127
321|321|48679393122|Kelly|Ball|1978-12-20|Collage|2019-05-17||4
322|322|79042517458|Kimberly|Liu|1968-06-18|Middle School|2016-02-21||22
323|323|30396767751|Jennifer|Brown|1974-03-27|Master|2007-08-11||8
324|324|42965043501|Stephen|Butler|1963-09-30|Master|2018-05-01||101
325|325|63334776373|Manuel|Cunningham|1988-12-04|Middle School|2001-01-19||97
326|326|26802093328|Trevor|Martinez|1997-08-27|Middle School|2009-01-01||94
327|327|90740457815|Jonathan|Mckinney|1961-10-22|Collage|2009-07-13||142
328|328|92119966621|Kara|Smith|1959-05-02|Collage|2009-07-22||49
329|329|63834395377|Barry|Wallace|1983-03-25|Middle School|2001-11-05||98
330|330|92996323318|Edward|Schroeder|1963-09-07|Master|2002-01-16||141
331|331|56235812567|Jessica|Edwards|1958-01-20|PhD|2015-06-09||57
332|332|64112153148|Kayla|Lawson|1966-02-14|PhD|2020-03-11|2022-08-19|0
333|333|70846552286|Robert|Yang|1967-04-27|Master|2019-06-06||162
334|334|77570739540|Wesley|Villanueva|1976-02-06|Collage|2005-07-19||37
335|335|83228306737|Shawn|Harris|1973-07-03|Master|2009-02-10||166
336|336|89925369423|Wanda|Dawson|1994-06-27|PhD|2020-09-12||17
337|337|26904807857|Edward|Shields|1963-02-17|Highschool|2020-08-10||8
338|338|81900424829|Timothy|Lee|1983-04-13|Collage|2014-03-10||102
339|339|32521335377|Crystal|Wiley|1974-01-30|Highschool|2015-06-19|2018-01-05|135
340|340|69578669290|Jessica|Diaz|1986-09-17|PhD|2019-05-18||23
341|341|82966000330|Jacqueline|Case|1971-11-15|PhD|2016-10-15||35
342|342|64575484449|Renee|Kent|2003-01-01|Collage|2011-04-16||34
343|343|55872993612|Jacob|Matthews|2002-08-30|PhD|2005-03-04||49
344|344|36064297026|Michael|Klein|1959-01-23|Middle School|2014-12-12||175
345|345|21677215201|Heather|Simpson|1963-07-02|PhD|2019-04-22||52
346|346|22548129457|Mario|Espinoza|1955-06-13|Middle School|2003-12-12||53
347|347|82300694843|Thomas|Hebert|2002-12-27|Master|2000-12-28||130
348|348|33525573562|Jonathan|Mccarty|1966-01-18|Highschool|2012-03-24|2013-06-14|162
349|349|13181688881|Nicholas|Mcguire|1958-06-28|Collage|2010-04-19|2012-09-20|182
350|350|58854276551|David|Mccullough|1983-02-21|Master|2013-10-24||97
351|351|65470686845|Melanie|Marshall|1965-05-11|Master|2016-08-26|2017-05-26|117
352|352|31371539720|Kimberly|Smith|1962-10-30|Collage|2005-08-11||95
353|353|19101301404|Nicole|Johnston|2002-03-01|Highschool|2016-04-04||147
354|354|40159791228|Curtis|Jordan|1977-06-24|Collage|2000-08-17||95
355|355|20069499974|Robert|Robles|1975-06-05|Highschool|2006-05-20||116
356|356|16220754735|Yvonne|Ellis|1994-01-23|Highschool|2020-12-24||30
357|357|40018966190|Sabrina|Watts|1969-08-23|Collage|2017-09-21||98
358|358|38890522288|Amy|Garcia|1983-01-08|Collage|2016-01-10||42
359|359|72432124416|Raymond|Fitzpatrick|1966-09-27|Collage|2015-03-25||145
360|360|16141002855|Austin|Rojas|1976-07-17|Master|2008-09-13||10
361|361|29605224664|Stephanie|Foster|1971-02-08|PhD|2019-11-11||179
362|362|88944199692|Carl|Dixon|1983-12-17|Collage|2009-08-04||155
363|363|11823818492|Nina|Martinez|1983-10-16|Collage|2002-02-26||126
364|364|74072866199|Margaret|Cruz|1987-02-12|PhD|2017-09-29||1
365|365|87185533210|Eric|Valdez|2001-09-21|Master|2007-04-05||118
366|366|36564595936|Ryan|Smith|2002-07-08|Master|2003-12-20|2005-10-05|193
367|367|71928918278|Luke|Pope|1979-03-11|Middle School|2001-06-05||18
368|368|45094457270|Elizabeth|Lopez|1959-09-17|Master|2008-05-24||181
369|369|76161654525|Jonathan|Miles|1987-05-19|Middle School|2008-01-07||125
370|370|79946235568|Clayton|Taylor|2001-01-15|PhD|2002-03-13||118
371|371|28402979054|Lisa|Joseph|1981-06-07|Middle School|2015-04-02||101
372|372|68292077427|Ryan|Cordova|1974-10-21|Master|2000-06-15||50
373|373|62302680861|Mark|Fitzgerald|1967-06-23|PhD|2009-10-05||91
374|374|48388188132|Eric|Bonilla|1963-01-23|Master|2014-04-29||95
375|375|65590723679|Tiffany|Ramirez|1978-02-06|Middle School|2007-12-03||4
376|376|51498995289|Jacqueline|Landry|1989-05-16|Master|2015-02-02||126
377|377|53448050575|Robin|Owens|2000-08-06|Highschool|2000-09-20|2002-03-23|10
378|378|75208355798|Michael|Preston|1971-08-17|Master|2017-12-24|2019-09-25|60
379|379|81616160985|Antonio|Cook|1970-07-30|Collage|2006-09-01||171
380|380|38807973543|Darrell|Gray|1985-06-30|Collage|2019-04-18||130
381|381|76664175468|Katherine|Gaines|1993-06-04|Master|2013-05-28||101
382|382|79545318383|Kenneth|Cook|1980-08-23|Middle School|2004-11-06||22
383|383|27542293181|Riley|Stewart|1957-05-12|Middle School|2015-04-19||70
384|384|20647146086|Alex|Moss|2000-08-08|Master|2012-09-28||170
385|385|32931866025|Tina|Smith|1965-12-15|Master|2013-01-07||0
386|386|79173759884|Barry|Ross|1988-11-02|Middle School|2009-05-24||151
387|387|61045377369|Keith|Martinez|1968-04-21|Master|2012-01-03||23
388|388|98799283532|Sarah|Willis|2002-11-08|PhD|2018-11-23||26
389|389|43040036907|Bridget|Rios|1976-12-12|Middle School|2019-05-30||174
390|390|98288758279|Randy|Hernandez|1982-06-22|Middle School|2008-09-12||100
391|391|45700678318|Lee|Johnson|1981-05-13|PhD|2006-09-05||103
392|392|74991956067|Matthew|Reed|1980-03-25|Master|2003-04-15||63
393|393|64014984185|Timothy|Juarez|1995-04-13|Master|2015-07-06||139
394|394|85000797731|Heather|Cox|1995-02-14|Middle School|2007-02-21|2007-08-25|129
395|395|49870613538|Thomas|Meyer|1995-04-27|Collage|2011-09-11||134
396|396|10103074628|Jeffery|Conley|1967-01-22|Master|2015-10-09||191
397|397|92694173258|Leah|Adams|1972-05-27|PhD|2011-09-07|2013-02-16|200
398|398|36964130844|Alyssa|Smith|1959-10-23|Master|2017-01-25||91
399|399|17379383303|Rodney|Moore|1968-09-27|Middle School|2009-06-17||98
400|400|68541779492|Robert|Davis|1974-03-05|Master|2013-02-16||91
401|401|33493873414|Chase|Hernandez|2002-12-09|Collage|2014-12-29||93
402|402|57866405194|Kayla|Wright|1964-11-29|Collage|2004-08-25||122
403|403|70951757572|Melanie|Gibbs|1985-11-28|Middle School|2001-08-23||29
404|404|41392786121|Judith|Hicks|1955-06-22|Master|2003-12-17||94
405|405|80217878521|Joseph|Vazquez|1966-09-24|Collage|2020-02-22|2020-06-03|48
406|406|68027332606|Jennifer|Jones|1993-04-22|Collage|2018-07-10||149
407|407|24334895415|Joseph|Schroeder|1993-02-11|Collage|2020-10-06|2021-05-22|39
408|408|90878423052|Nichole|Barrett|1972-01-25|Middle School|2015-07-15||114
409|409|39449119194|Kayla|Fry|1992-12-29|Collage|2004-05-16||120
410|410|51329709976|Lisa|Shannon|1990-05-18|Highschool|2004-01-20||166
411|411|89026998937|Tony|Howe|1972-04-21|Collage|2000-08-04||164
412|412|85411454825|Jessica|Boyd|1956-07-17|Highschool|2011-04-28||63
413|413|83884610296|Zachary|Drake|1996-09-07|PhD|2000-09-19||148
414|414|49955673349|Mark|Pena|1989-11-14|Middle School|2001-09-25|2004-03-20|4
415|415|18894426195|Amy|Adams|1968-05-31|Master|2007-09-07||133
416|416|92638893500|Justin|Franco|1978-06-10|Middle School|2001-06-12||176
417|417|18343373841|Angela|Figueroa|2002-08-06|Highschool|2001-12-14||74
418|418|77963301020|Matthew|Pollard|1970-05-16|PhD|2011-12-04||174
419|419|60437706280|Susan|Holmes|2000-01-15|Highschool|2015-01-06||162
420|420|22407062018|Lisa|Garza|1957-11-24|Master|2006-08-02||41
421|421|85561838032|Suzanne|Strickland|1959-12-21|Middle School|2003-08-15||34
422|422|10589597030|Robert|Perry|1975-12-17|Highschool|2014-07-14||188
423|423|23275568653|Andrew|Taylor|1998-08-13|Collage|2002-11-13||101
424|424|64973967376|Eugene|Blanchard|1975-02-01|Master|2014-12-12||76
425|425|24338372903|Sydney|Gallegos|1972-11-19|Middle School|2005-03-20|2006-08-18|100
426|426|53079828289|William|Hernandez|2001-12-14|Middle School|2012-02-09|2012-11-03|62
427|427|69786565033|Ashlee|Shields|1982-04-18|Master|2005-09-17||163
428|428|63556916382|Brett|Meyers|1973-07-06|PhD|2017-08-21||25
429|429|85680701481|Madison|Logan|1973-03-28|Master|2020-03-17||128
430|430|38142755058|Rachel|Ramsey|1996-01-22|Collage|2002-11-10||124
431|431|24619663378|Melanie|Price|1994-09-10|Collage|2005-05-15||20
432|432|68898665327|Aaron|Walker|1972-12-25|Collage|2015-01-13||2
433|433|86245982980|Mike|Schmitt|1979-05-25|Master|2017-03-03||58
434|434|65208866472|Jennifer|Savage|1983-11-11|PhD|2013-08-09||11
435|435|26729971006|Michael|Jefferson|1990-03-04|Collage|2003-08-06||193
436|436|20442563854|Jason|Mitchell|1994-06-02|Middle School|2012-01-24|2012-05-26|3
437|437|19814333990|Melissa|Turner|1989-06-04|Middle School|2019-09-13||48
438|438|25727714145|Emma|Foster|1999-06-29|Highschool|2003-09-24||56
439|439|92056153378|Raymond|Bell|1991-04-07|Middle School|2013-06-07||73
440|440|70140691434|Douglas|Ramsey|1993-08-28|Highschool|2011-04-20||149
441|441|84377905722|James|Barron|1963-12-16|PhD|2008-01-02||119
442|442|26690795302|Andrew|Ferrell|1973-10-07|Collage|2019-02-11||80
443|443|60715411484|Samantha|Cruz|1961-09-16|Collage|2006-08-26||75
444|444|30633062119|Robert|Stafford|2000-11-13|Highschool|2019-08-28||198
445|445|97360852650|Michael|Franco|1980-01-06|PhD|2016-12-25|2018-02-22|121
446|446|13218462012|John|Stephens|1963-05-19|PhD|2017-06-17||65
447|447|39678095256|Julie|Watts|1989-08-09|Master|2007-02-13||15
448|448|77672449675|Barbara|Collins|1957-10-08|Highschool|2017-12-09||187
449|449|93568520772|Jeffrey|Nelson|1974-04-24|PhD|2005-02-06||63
450|450|26778484153|Emma|Wells|1991-05-28|Master|2012-04-26||154
451|451|36495988388|Anne|Reilly|1963-10-25|PhD|2020-05-15||81
452|452|96018380032|George|Hamilton|1981-05-18|Master|2012-12-31||62
453|453|73350210013|Oscar|Gonzalez|1980-07-08|Middle School|2020-08-27||0
454|454|32029745392|Robert|Thomas|1986-07-05|Master|2015-02-18||168
455|455|68287366981|Haley|Taylor|1983-07-03|Master|2018-08-24||44
456|456|96073514456|Joel|Drake|1987-04-18|Master|2011-11-24||109
457|457|20966989178|Jerry|King|1991-07-17|PhD|2007-04-26||78
458|458|21282455319|Chloe|Lawson|1978-09-29|PhD|2011-11-08|2012-11-21|159
459|459|42285977327|Cynthia|Ruiz|1993-06-27|Middle School|2001-06-04|2001-10-05|131
460|460|48149018216|Eugene|Hayden|1964-06-10|Middle School|2017-10-18||23
461|461|47932389602|Andrew|Valencia|1989-02-20|Middle School|2003-01-21||67
462|462|78863675021|Erica|Johnson|1964-02-25|Highschool|2019-07-03||105
463|463|95727225412|Kenneth|Dillon|1956-07-07|Collage|2004-11-08||9
464|464|49129366049|Kaitlyn|Guerrero|1994-03-12|Master|2010-01-19||162
465|465|33407628806|Joseph|Walker|1980-02-18|Highschool|2007-07-30||74
466|466|33916888311|Joshua|Mcknight|1999-01-13|Master|2009-11-26||44
467|467|43168262531|Heather|Howell|1957-05-24|Highschool|2007-09-11||128
468|468|81040505378|Jacob|Allen|2002-12-17|Highschool|2004-07-09||155
469|469|37410037066|Margaret|Reynolds|2000-06-04|Highschool|2014-11-02||60
470|470|79980656613|Tammy|Gates|1998-09-01|Middle School|2002-01-04|2002-08-23|199
471|471|94162775491|Pamela|Henderson|1988-05-28|Highschool|2009-01-20||119
472|472|19377055461|Thomas|Brewer|1964-07-18|PhD|2002-01-27||14
473|473|79659467809|Jennifer|Davis|2000-05-07|Highschool|2002-05-28|2002-12-27|33
474|474|94543966558|Kenneth|Arnold|1989-12-19|Master|2008-10-29||151
475|475|23515298865|John|Mcdonald|1993-04-08|Middle School|2006-03-19||134
476|476|99670193999|Phillip|Sparks|1999-01-10|Highschool|2018-11-24||33
477|477|12367352477|Sergio|Dawson|1997-07-23|Middle School|2012-01-29||50
478|478|63159999363|Dawn|Lopez|1974-07-14|Highschool|2005-02-27||100
479|479|60697158016|Dean|Lewis|1970-09-08|Highschool|2021-04-08||184
480|480|94942828277|David|Baker|1979-10-24|Collage|2017-01-26||143
481|481|29280086082|Thomas|Carrillo|1986-05-04|Middle School|2015-11-01||62
482|482|56952503395|Johnny|Griffin|1978-05-20|Middle School|2001-12-10||121
483|483|71675133699|Frederick|Rodriguez|1990-10-10|Collage|2018-03-12||87
484|484|89839295156|Natalie|Lopez|1962-02-06|Master|2009-11-27||136
485|485|74155502923|Alicia|Reynolds|1957-09-06|Master|2008-01-17||150
486|486|73787423019|Jennifer|Lopez|1970-12-24|Collage|2020-02-17||121
487|487|14647896477|Margaret|Dawson|1991-08-31|Middle School|2016-12-15||26
488|488|90699150519|Amber|Wagner|1975-07-28|Middle School|2006-04-24||33
489|489|33373690225|Lisa|Smith|2000-09-16|Collage|2010-01-08||2
490|490|99590179863|Steven|Mccullough|1997-11-24|Highschool|2020-04-24||139
491|491|11862030678|Kelsey|Wright|2000-06-14|Highschool|2017-06-04||66
492|492|54219069413|Latasha|Collins|1987-08-15|PhD|2002-03-20||126
493|493|23872574499|Nicole|Johnston|1971-12-11|Middle School|2020-05-18||96
494|494|81190843936|Gregory|Peterson|1964-03-18|Middle School|2002-03-03||173
495|495|51744249994|Edward|Mcpherson|1976-11-23|Highschool|2010-11-16||82
496|496|65838205603|Richard|Phelps|2000-07-28|Master|2016-06-12||47
497|497|89757957752|Brittany|Roberts|1985-08-07|Collage|2015-09-13|2017-01-23|25
498|498|26822450680|Alicia|Mcguire|1990-09-07|Master|2019-09-09||111
499|499|31213602017|Zachary|Hamilton|1983-07-02|Collage|2002-12-24||179
500|500|99111799890|Morgan|Kane|1977-06-19|Middle School|2010-03-14||48
501|501|94085718321|Kimberly|Murphy|1995-03-04|Middle School|2004-11-27||123
502|502|78544804792|Janet|Brown|1993-06-08|Master|2011-09-21||137
503|503|69637483772|Kaitlin|Thompson|1998-05-10|Middle School|2011-08-13||178
504|504|42556574754|Susan|Williams|1997-06-01|Middle School|2009-11-12||136
505|505|67395820308|Steven|Snyder|1994-02-28|Middle School|2014-09-08||176
506|506|76141532721|Devin|Leonard|1989-09-08|Middle School|2020-02-29||116
507|507|81254680913|Nicholas|Rivas|1975-03-09|Master|2019-06-17||163
508|508|66355149893|Sherry|Humphrey|2001-07-06|Middle School|2016-02-15||59
509|509|40030503619|Ashley|Zimmerman|1993-01-02|PhD|2005-07-17||193
510|510|47043572776|Lisa|Bauer|1956-09-10|Collage|2001-10-22||170
511|511|71318513156|Andrea|Newman|1956-11-21|Highschool|2001-05-03||180
512|512|76756959713|Connor|Scott|1989-08-25|Highschool|2014-03-09||49
513|513|82173464531|Elizabeth|Carlson|1982-03-13|Collage|2006-07-06||163
514|514|99351751760|Luis|Morris|1977-04-25|Collage|2020-04-03||65
515|515|70556586887|Matthew|King|1994-12-17|Master|2001-10-07||95
516|516|95499922789|Annette|Sanders|1961-12-27|Middle School|2000-10-15||18
517|517|42466405351|Elizabeth|Smith|1973-05-09|Highschool|2012-04-28||199
518|518|40217493723|Zachary|Webb|1967-10-16|Master|2009-08-06||149
519|519|69364879290|Eric|Thompson|2001-02-18|Collage|2010-04-13|2012-03-21|2
520|520|18486773545|Nancy|Le|1995-05-26|Master|2013-09-20||110
521|521|74422845500|Rodney|Padilla|1964-01-21|Middle School|2010-06-07||28
522|522|61593452984|Lisa|Gonzalez|1958-05-13|PhD|2012-01-23||101
523|523|94760405969|Danny|Martinez|1986-12-08|PhD|2005-08-05||13
524|524|34270721204|Julia|Brown|1999-09-18|Collage|2007-09-13||1
525|525|80063052323|Michelle|Scott|1971-04-21|Highschool|2011-06-16||95
526|526|19260391130|Jesse|Reynolds|1980-09-13|PhD|2015-07-16||163
527|527|14302469961|Erin|Jimenez|1969-10-13|Highschool|2008-11-03|2010-10-10|99
528|528|92082284240|Rebecca|Buchanan|1964-02-29|Collage|2013-07-06||24
529|529|26170841864|Lauren|Hammond|1991-07-07|Highschool|2016-09-18||132
530|530|34201908702|Marcus|Clark|1960-01-17|Collage|2000-08-14||200
531|531|44557953433|Kevin|Holland|1985-02-01|Master|2020-09-13||34
532|532|35611463967|Christopher|Smith|1987-10-18|PhD|2002-11-12||147
533|533|50736049184|Crystal|Jennings|1967-09-19|Middle School|2017-08-31||88
534|534|93637965602|Anthony|Kramer|1961-02-12|Master|2019-12-04||46
535|535|53784249375|Caitlyn|Olson|1973-04-15|Master|2013-09-23||47
536|536|80323434470|Phillip|Zimmerman|1983-05-14|Collage|2020-11-14||51
537|537|44444218195|Kathryn|Wall|1973-11-19|Master|2016-06-16||133
538|538|16687842071|Edward|Kirk|1961-06-10|Middle School|2015-12-12||149
539|539|87092714234|David|Walls|1975-01-12|Master|2008-02-23||1
540|540|68973546837|Micheal|Henderson|1999-12-24|Middle School|2008-08-24||14
541|541|98038713860|Kimberly|Moss|1970-02-23|Collage|2005-07-16||173
542|542|81362310093|Michael|Gonzalez|1994-04-16|Collage|2012-12-16||2
543|543|76539637905|Jennifer|Stephenson|1977-06-27|Highschool|2018-05-31||59
544|544|54191291101|Sean|Fitzgerald|1981-02-24|Collage|2016-12-20||183
545|545|23377001639|Jamie|Daniel|1987-08-08|Collage|2019-05-17||41
546|546|50697873289|Katherine|Reese|2000-04-20|Middle School|2017-04-19||196
547|547|63356447263|Gregory|Barker|1999-09-16|PhD|2020-07-27||129
548|548|66190102586|Kenneth|Murray|1981-07-30|Highschool|2009-06-06||115
549|549|87523123755|Stacey|Perry|2001-06-23|Highschool|2002-10-05||29
550|550|50721170532|Isaac|Gray|1973-01-08|Collage|2021-01-17||195
551|551|17165845538|Heidi|Kramer|1969-03-26|Highschool|2014-02-01||38
552|552|20110188460|Elizabeth|Young|1994-04-23|Highschool|2013-09-30||27
553|553|66382903231|Gregory|Hayden|1985-05-06|Master|2011-09-01||196
554|554|42533940046|Preston|Evans|1970-06-25|Highschool|2020-01-19||173
555|555|27801185150|Mikayla|Johnson|1976-12-21|Middle School|2002-06-23||157
556|556|82525099471|Crystal|Copeland|1982-01-26|Middle School|2013-12-14||63
557|557|56736922108|Jeff|Smith|1999-09-04|Master|2013-09-17||165
558|558|69461542382|James|Thomas|1963-05-07|Collage|2002-02-21||83
559|559|21384408176|Michael|Jones|1972-12-06|PhD|2002-03-26||197
560|560|61243808179|Sean|Ford|1999-05-28|Highschool|2002-03-14||150
561|561|30393175864|Monica|Combs|1989-06-07|Middle School|2003-12-28||166
562|562|71397057223|Christopher|Yang|1980-01-28|Collage|2006-12-17||90
563|563|38423463871|Morgan|Watts|1987-09-24|Collage|2008-09-10||0
564|564|95233908530|Cassandra|Diaz|1966-03-16|PhD|2016-09-26||40
565|565|98047036332|Sandra|Eaton|1995-11-06|PhD|2011-02-04||7
566|566|15040634498|Beverly|Stephens|1985-04-18|Middle School|2015-12-28||159
567|567|85919534513|Taylor|Brown|1979-11-05|Middle School|2010-06-16||200
568|568|96501755578|Zachary|Richards|1957-10-27|Middle School|2016-06-12||60
569|569|65541424356|Christopher|White|1995-04-24|PhD|2020-11-25||105
570|570|51126704816|Patrick|Cannon|1961-11-06|PhD|2011-05-24||197
571|571|64863096743|Kelly|Dunn|1987-11-09|Master|2000-08-19||58
572|572|35295487163|Brandon|Anderson|1972-02-20|Middle School|2007-09-10||95
573|573|95342164147|Kimberly|Bryan|1969-09-29|Collage|2004-09-09||63
574|574|12509188390|Peter|Armstrong|1987-05-11|Highschool|2009-03-21||16
575|575|60689100945|Robert|Moore|1972-04-20|Collage|2015-02-05||175
576|576|79794657257|Katherine|Richard|1974-11-06|Highschool|2002-11-21||51
577|577|89108775622|Michael|Olson|2002-06-25|Master|2004-12-01||92
578|578|25991366106|Judy|Ewing|1991-02-15|Master|2009-05-11||162
579|579|65183454641|Gerald|Garrett|1980-10-15|Middle School|2002-06-17||44
580|580|32279979041|Jennifer|Gomez|1983-06-17|Collage|2003-03-16||71
581|581|30843934497|Thomas|Estrada|1980-02-13|Master|2011-09-29||116
582|582|92232783392|Angela|Moore|1970-04-15|PhD|2012-11-07|2013-09-01|112
583|583|80514099193|Michael|Anderson|1992-07-08|Master|2011-04-23||19
584|584|80757311686|Angela|Barnett|1985-01-22|PhD|2006-12-11||50
585|585|61220648297|Adam|Estrada|1965-05-15|PhD|2018-12-03||128
586|586|28221498611|Kimberly|Reeves|1996-09-15|PhD|2007-11-22||154
587|587|54897370510|Laura|Kelly|1965-02-02|PhD|2018-10-17||1
588|588|97458533329|Melissa|Rose|1989-03-10|Master|2003-11-05||130
589|589|41983287809|Nicholas|English|1979-03-06|Collage|2020-09-05||60
590|590|52821677533|Deborah|Evans|1965-12-20|Highschool|2014-04-12||18
591|591|12991476788|Alicia|Collins|1989-04-03|Highschool|2009-05-13||77
592|592|22273179594|Robert|Lowe|1977-02-24|Middle School|2001-06-18||54
593|593|73907095261|Shawn|Hernandez|1990-09-09|PhD|2008-08-29||134
594|594|71657198863|Curtis|Smith|1963-09-03|PhD|2019-01-17||176
595|595|16571006050|Stacy|Barber|1958-08-30|PhD|2018-03-22||64
596|596|34931407819|Amy|Michael|1987-12-27|Middle School|2011-01-25||144
597|597|97236669569|Richard|Collins|1979-03-03|Master|2001-03-07||135
598|598|58771631988|Julie|Morgan|1962-11-14|Master|2000-09-19||9
599|599|33521135785|Luke|Smith|1955-05-31|Master|2019-06-08||171
600|600|12829063937|Rebecca|Hawkins|2001-08-12|Collage|2014-08-14||109
601|601|28803554312|Tom|Vasquez|1973-01-01|Collage|2008-12-10||79
602|602|34207170711|Victor|Miller|1969-09-29|Highschool|2015-07-04||137
603|603|78871725877|Amanda|Ingram|1992-08-08|Highschool|2014-10-31||174
604|604|14670875640|Nicholas|Greer|1998-06-15|Middle School|2010-05-16||135
605|605|87570529863|Paul|Rivera|1970-03-25|Highschool|2008-04-09||142
606|606|89132217825|Kevin|Wallace|1974-02-15|Collage|2019-11-05|2021-01-18|136
607|607|38700743080|Ricky|Perez|1987-12-10|Highschool|2019-12-13|2021-05-26|127
608|608|67702600593|Patricia|Hernandez|2002-06-05|Highschool|2014-12-15||44
609|609|13859220661|Samantha|Jackson|1963-02-05|PhD|2021-04-11||198
610|610|91055816823|Sara|Cooper|1967-08-25|Highschool|2007-10-01||107
611|611|76887018492|Todd|Clark|1998-10-12|PhD|2017-04-13|2017-06-19|164
612|612|68446303983|John|Benitez|1958-09-24|PhD|2011-04-22||170
613|613|74200038957|Tamara|Wilson|1975-01-11|Collage|2000-08-09||109
614|614|11265649036|Luis|Schultz|1972-06-28|Highschool|2016-05-31||123
615|615|49582898915|David|Butler|1997-10-17|Master|2016-07-31|2018-11-01|71
616|616|56330746881|Michelle|May|1984-05-15|Highschool|2005-11-20||65
617|617|93054539993|Brooke|Nelson|1995-04-16|Collage|2016-11-15||130
618|618|92979242432|Shannon|Bray|1983-03-10|Highschool|2013-02-28||68
619|619|67982705011|Allen|Patel|1976-11-20|PhD|2020-01-25||107
620|620|59467724012|Danny|Hawkins|1985-03-10|Highschool|2010-06-14||5
621|621|94029307775|Todd|Le|1981-10-09|Highschool|2015-02-21||73
622|622|89838232177|Michael|Mendez|1999-03-29|Master|2018-04-20|2020-06-02|110
623|623|93424761775|Alison|Warren|1975-09-08|PhD|2017-07-11||9
624|624|88846555061|Julie|Vega|1978-11-17|Highschool|2012-08-20||192
625|625|40882673350|Shawn|Sanchez|1998-04-20|Master|2021-02-19||76
626|626|59196747040|Amanda|Haley|1973-04-09|Highschool|2020-10-04||166
627|627|51921601366|Sarah|Brown|1984-12-02|Highschool|2008-08-01||106
628|628|89616328230|Megan|Flores|1978-05-17|Master|2016-08-09||94
629|629|12562153154|John|Woods|1974-03-16|Middle School|2008-05-17||16
630|630|45953346442|Samuel|Moore|1964-12-11|Highschool|2007-11-16||25
631|631|52242150444|William|Robertson|1985-07-20|Middle School|2012-11-15||132
632|632|95031587550|Patrick|Briggs|1997-07-23|Collage|2003-01-30||191
633|633|36612646903|Sarah|Avila|1990-08-21|Highschool|2016-04-09||177
634|634|49310423059|Martin|Vasquez|2000-10-27|Middle School|2018-08-12||156
635|635|13268756930|Melinda|Walker|1968-01-23|PhD|2020-07-18||199
636|636|11278007139|Billy|Maxwell|1959-05-17|Collage|2011-04-29|2013-04-08|104
637|637|90482016883|Bridget|Flores|1979-03-05|Collage|2004-03-02||84
638|638|33006695826|Samuel|James|1992-10-09|PhD|2012-09-15||133
639|639|76258873039|Justin|Morris|1993-11-29|Master|2002-08-06||105
640|640|65837436792|Ashley|Ramirez|1967-11-22|Highschool|2010-03-12||77
641|641|16276712916|Riley|Heath|1987-04-01|Collage|2003-10-27|2006-06-04|32
642|642|87781616684|Tina|Lopez|1971-04-03|Master|2008-09-18||148
643|643|13103265932|Sharon|Kent|1982-12-19|PhD|2011-10-02||63
644|644|20154507733|Joel|Watson|1968-07-24|Master|2012-11-05||27
645|645|77035679193|Cheyenne|Kennedy|1995-02-21|PhD|2018-09-29||104
646|646|48463096399|Andrew|Foster|1965-12-15|Middle School|2017-06-14||192
647|647|26247481871|Jacob|Padilla|1995-10-05|Middle School|2014-01-13|2016-01-17|29
648|648|12234128297|Sabrina|Fox|1993-06-05|Master|2016-12-10||156
649|649|28616808363|Kathryn|Nguyen|1987-05-05|Highschool|2017-06-20||170
650|650|50845208519|Denise|Arnold|2003-01-19|PhD|2016-07-05||170
651|651|78319043167|Tracey|Marshall|1984-03-23|Highschool|2008-09-25||48
652|652|41615646662|Brandon|Frederick|1986-04-26|Collage|2007-10-12|2009-09-26|140
653|653|17274986257|Bianca|Hess|1972-02-19|Collage|2015-03-12||95
654|654|54486868906|Megan|Jenkins|1994-01-17|Highschool|2017-04-22||21
655|655|46770441570|Diane|Forbes|1989-07-22|PhD|2011-05-27||183
656|656|95186141291|Sarah|Cherry|1959-01-26|Middle School|2010-04-05||2
657|657|47609144611|Joshua|Cox|1958-06-19|Collage|2015-05-29||20
658|658|11035756741|Janet|Burke|1965-12-31|Master|2021-01-22|2023-04-28|113
659|659|54082251454|Patricia|Daniel|1957-02-28|PhD|2003-02-03||158
660|660|51450778354|Andre|Alexander|1971-01-19|Collage|2006-07-03||143
661|661|84468108395|Hannah|Hernandez|1979-07-07|Collage|2005-05-03||91
662|662|71747196448|Shane|Moore|1975-01-08|PhD|2013-06-09||171
663|663|95496697139|John|Cook|1976-01-07|Middle School|2002-12-24||9
664|664|46318481576|Joann|Coleman|1963-07-20|Highschool|2002-08-13||66
665|665|41982938163|Stephen|Flores|1995-01-20|Master|2019-01-24||132
666|666|73897157533|Mary|Bernard|1985-05-29|Collage|2005-11-29|2007-11-22|189
667|667|60870328235|Joshua|Walsh|1992-12-25|Highschool|2003-05-24||80
668|668|44845515511|Jennifer|Garza|1992-12-11|PhD|2015-12-23|2017-12-18|97
669|669|31611747039|Ellen|Hendrix|2000-12-27|Collage|2017-05-08||61
670|670|60566944131|Kevin|Simpson|1976-10-09|Middle School|2007-02-18||44
671|671|31929592920|Hannah|Drake|1980-02-13|Master|2006-12-22||98
672|672|16257279951|Judith|Morgan|1997-12-14|Collage|2016-07-19||44
673|673|70771101550|Donald|Boyd|1997-06-12|Master|2012-12-07||176
674|674|68409598527|Arthur|Chavez|2002-10-28|PhD|2001-02-16||30
675|675|69227829527|Michael|Salinas|1958-05-27|PhD|2014-03-21|2015-05-16|196
676|676|39218187393|Catherine|West|1959-09-21|Highschool|2004-09-06||161
677|677|36918349330|Amanda|Stewart|1992-07-26|PhD|2008-07-22||180
678|678|74564737281|Angela|Harrington|1967-10-10|Master|2016-10-05|2017-02-08|65
679|679|63836452800|Michelle|Meyer|1978-01-04|Collage|2007-12-12||106
680|680|71732027027|Shannon|Rich|1993-03-12|Highschool|2005-08-09||85
681|681|73829590944|Daniel|Good|1994-05-03|Highschool|2006-02-12||12
682|682|71084211068|Kyle|Walker|1962-05-07|Middle School|2016-08-16||59
683|683|71300499544|John|Harrell|1984-04-21|Collage|2006-11-07||164
684|684|46137351835|Ashley|Poole|1991-04-27|Master|2012-12-19||77
685|685|97584324568|Alyssa|Johnson|1993-05-14|Collage|2009-03-09||198
686|686|71092810895|Frances|Shaw|1984-03-26|Middle School|2017-11-12|2020-06-21|41
687|687|97029876582|Sarah|Henderson|1966-04-29|Highschool|2007-01-30||3
688|688|47792295960|Amanda|Coleman|2000-09-05|Highschool|2014-05-23||143
689|689|12155017610|Brandon|Ross|1988-01-10|Collage|2012-12-12||30
690|690|64312512631|Wendy|Bell|1979-07-08|Master|2015-08-02||33
691|691|52780085229|Kristen|Moss|1977-07-28|Master|2010-03-14||161
692|692|71388194702|Craig|Smith|1998-10-12|Middle School|2015-05-07|2015-06-23|106
693|693|73669883616|Timothy|Hopkins|1979-05-21|Middle School|2000-09-19||45
694|694|94979518510|Kelly|White|2002-02-27|Collage|2018-06-15||139
695|695|62168060997|Debra|Mclaughlin|1992-08-10|Master|2002-07-06|2003-09-20|140
696|696|78667466754|Anthony|Fernandez|1977-02-04|Master|2011-05-20||197
697|697|24898749493|Allison|Hernandez|1978-08-16|PhD|2016-10-17||72
698|698|52375292434|William|Avila|1987-06-22|PhD|2005-05-19||175
699|699|45451182558|Brandon|Smith|1974-12-01|Highschool|2004-03-12||56
700|700|69082805781|Allen|Mitchell|1980-06-23|Collage|2002-04-30|2004-06-10|119
701|701|25091949573|Kristina|Moss|1975-12-05|PhD|2020-01-16||152
702|702|76834697496|John|Sullivan|1956-03-31|Middle School|2018-02-08||27
703|703|46101343674|Emily|Patterson|2001-08-14|PhD|2004-03-17||132
704|704|20829071628|Christopher|Reid|1998-02-27|Collage|2013-04-28||101
705|705|34238803422|Tanya|Davis|1999-05-26|Collage|2009-12-29||85
706|706|84322140665|Allen|Hill|2000-06-18|Middle School|2012-06-07||150
707|707|17853619673|Brandon|Williams|1976-07-14|Highschool|2011-09-26||104
708|708|29338199770|Andrea|Johnson|1998-11-29|Master|2019-02-25||62
709|709|78004751884|Brenda|Anderson|1987-10-22|Master|2001-02-05||9
710|710|49369203644|Richard|Snow|1997-09-14|Master|2001-07-29||56
711|711|81261620683|Sara|Cruz|1996-08-12|Master|2010-10-13||65
712|712|15878567680|Cindy|Rivera|1999-06-26|Highschool|2012-02-29||84
713|713|24837027565|Jocelyn|Phelps|1999-07-04|Master|2017-07-14||93
714|714|54674127275|Sonia|Knapp|1970-08-21|Master|2013-09-16|2015-06-10|70
715|715|82273667241|Jason|Robinson|1975-03-29|PhD|2016-11-21||16
716|716|86293933415|Donald|Martin|1979-12-31|PhD|2011-05-18||193
717|717|91807762158|Kellie|Hendricks|1961-12-05|PhD|2016-10-18||190
718|718|22141033441|Benjamin|Blair|1971-05-08|Collage|2012-03-15||51
719|719|33516569050|Calvin|Hines|1975-07-04|Middle School|2006-07-28||65
720|720|17275594612|Jorge|Lucas|1996-12-29|Middle School|2014-02-27||51
721|721|48690561451|Richard|Wright|1996-08-24|Middle School|2001-07-05||29
722|722|12903529696|Kaylee|Blair|1972-12-28|PhD|2012-06-16||76
723|723|34232462459|Jason|Meadows|1992-08-26|Master|2000-12-05||10
724|724|27525407804|Joshua|Dudley|1992-09-29|Master|2018-10-24||95
725|725|16084932979|Lauren|Butler|1998-04-25|Highschool|2005-12-13||107
726|726|84581968487|Megan|Garcia|1956-01-03|Collage|2019-11-21||68
727|727|47611279226|Nicholas|Rodgers|1958-10-10|Highschool|2019-07-10||143
728|728|17689139754|Bethany|Landry|1969-08-26|Middle School|2002-10-24||151
729|729|97524587120|Tyler|Smith|1995-06-17|Collage|2017-05-12||86
730|730|90712484503|Tanya|Clay|1982-12-16|Middle School|2018-06-16||93
731|731|96470012816|Rhonda|Garcia|1956-07-09|PhD|2008-02-18||103
732|732|47050569591|Michaela|Gardner|1981-02-24|PhD|2020-10-26||73
733|733|31486988980|Daniel|White|1961-11-02|PhD|2012-09-22||152
734|734|61574041659|Brian|James|1977-06-17|Highschool|2009-03-12||136
735|735|97365723217|Sara|Cruz|1965-10-02|Master|2012-11-21||192
736|736|61267715604|Scott|Rodriguez|1979-01-26|Master|2007-10-07||158
737|737|11505725260|Robert|Martinez|1982-09-11|Master|2020-07-03||104
738|738|38229750138|Vincent|Foster|1966-04-27|Middle School|2020-03-07||67
739|739|18888827493|Michael|Jimenez|1998-10-14|Middle School|2020-03-12||175
740|740|32390473906|Shelly|Freeman|1980-01-26|Middle School|2001-07-29||111
741|741|97939701745|Angela|Mccoy|1999-05-18|Highschool|2017-07-07||53
742|742|76750494842|Christina|Hayes|1987-01-14|Middle School|2008-03-10|2010-04-03|49
743|743|35905651304|Denise|Davis|1978-03-26|Master|2017-03-10||12
744|744|85517219370|Clifford|Coleman|1974-03-18|Master|2006-03-07|2008-10-30|141
745|745|30446181361|Patrick|Acevedo|1960-12-03|Middle School|2009-04-30||120
746|746|95017789751|Mary|Carrillo|1985-10-13|Middle School|2003-04-17|2005-06-20|128
747|747|42846161013|Peggy|Cook|1973-05-03|PhD|2009-03-30||124
748|748|91832135689|Katie|Wood|1984-07-31|Master|2009-03-14||46
749|749|97414534331|Justin|Cooper|2000-03-12|Highschool|2017-05-01||157
750|750|23632570824|Jodi|Thomas|1983-06-28|Master|2020-08-04||42
751|751|20656311485|Justin|Andersen|1972-10-17|Master|2003-04-01||182
752|752|33601599533|Donna|Combs|1963-02-07|Highschool|2007-10-09||2
753|753|55170485685|Sarah|Meyers|1993-04-05|PhD|2001-10-29||150
754|754|10375947980|Jonathan|Hunter|1984-06-22|PhD|2004-11-27||113
755|755|91381505087|Andrew|Lopez|1992-07-28|Master|2006-11-09||10
756|756|39258760289|Sean|Wheeler|1977-06-11|Collage|2005-12-01||113
757|757|24719411956|Larry|Thompson|1987-08-25|Highschool|2014-07-01||72
758|758|94845640677|Aaron|Solis|1974-06-15|Highschool|2004-06-06||73
759|759|92786487220|Larry|Green|1973-09-13|Middle School|2000-06-05||77
760|760|11997299448|Laura|Graham|1963-09-30|Collage|2006-10-15||86
761|761|45349097865|Michael|Campbell|1977-06-18|Middle School|2012-04-30||87
762|762|46338614504|Matthew|Miller|1968-09-29|Highschool|2005-03-10||103
763|763|37014319140|Lisa|Jordan|1965-09-06|Highschool|2003-04-26||197
764|764|94791788697|Jared|Scott|1963-09-03|PhD|2012-07-24||43
765|765|83105616063|Melvin|Kirby|1994-06-25|Collage|2012-04-10||59
766|766|54645942724|Joshua|Anderson|1998-01-27|Middle School|2012-08-18||187
767|767|61926668487|Kendra|Cline|1978-05-25|Middle School|2000-07-15||40
768|768|31290701618|Micheal|Orr|1989-07-24|Highschool|2002-05-31||2
769|769|81894883022|William|Hill|1991-01-28|PhD|2006-02-28||148
770|770|87931859731|Heidi|Gonzales|1987-05-08|Highschool|2002-10-03||72
771|771|74103612836|Edward|Lopez|1976-03-10|Collage|2001-06-03||89
772|772|54662658184|Heather|Lopez|1997-05-21|Highschool|2007-07-10|2008-09-25|13
773|773|17472100701|Tracy|Mayer|1972-03-14|Collage|2005-06-19||54
774|774|43906862789|Richard|Moore|1972-02-24|Collage|2008-08-10||113
775|775|63397274839|Eric|Ortiz|1985-11-07|Middle School|2015-07-12|2016-02-22|123
776|776|75903970771|Ruth|Jordan|1975-02-21|Highschool|2015-02-03||177
777|777|13852353970|Nicole|Rogers|1989-10-13|Collage|2017-08-14|2019-09-30|122
778|778|76078450186|Michelle|Carpenter|1975-03-29|Highschool|2013-05-28||150
779|779|11826768911|Amanda|Griffin|1986-06-18|Master|2010-04-28||60
780|780|21609739361|Brandy|Hernandez|1994-06-14|Collage|2010-03-01||73
781|781|65212474559|Joseph|Bishop|1960-04-09|Master|2007-02-28||68
782|782|20301097272|Robert|Reed|1988-12-26|Collage|2005-08-26||33
783|783|27210205244|Vanessa|Calderon|1982-10-02|Middle School|2014-03-23||189
784|784|71176736644|William|Fletcher|1996-05-19|Collage|2000-06-19||159
785|785|99601688935|Renee|Rivera|1982-10-28|Master|2014-09-11||145
786|786|26186376207|Priscilla|Lucas|1969-07-19|Collage|2006-08-31||19
787|787|37796256518|Anthony|Jones|1963-09-17|Middle School|2007-05-02||55
788|788|68408942557|Nancy|Webb|1995-12-05|Highschool|2000-10-25||129
789|789|92940784989|Matthew|Turner|1969-06-03|PhD|2019-03-08||124
790|790|67226083197|Erin|Walker|1968-11-24|Master|2003-10-11||152
791|791|50868795440|Destiny|Pope|2000-07-18|Middle School|2003-07-29||80
792|792|48305689895|William|Garcia|1982-09-21|Middle School|2009-10-28||32
793|793|91827862919|Amber|Smith|1972-04-16|Collage|2014-09-19||143
794|794|80413338848|Derek|Brown|1963-06-04|Collage|2020-08-16|2021-04-08|68
795|795|34412137830|Jeffrey|Rice|2002-06-23|Collage|2021-03-22||128
796|796|95601723207|Deanna|Diaz|1968-07-04|Master|2002-10-05||127
797|797|74510707017|Daniel|Hill|2000-10-10|Collage|2008-07-05||55
798|798|26553551787|Anna|Stephens|1961-09-21|PhD|2012-07-17|2012-12-03|157
799|799|11317668633|Todd|Green|1961-03-15|Middle School|2011-02-12||75
800|800|79091485197|Bethany|Miller|2001-02-27|Collage|2013-02-27|2013-12-13|135
801|801|81984024953|Kimberly|Smith|1983-11-28|PhD|2006-07-20||0
802|802|76282457044|Joe|James|1959-05-14|Collage|2010-03-03||165
803|803|12363123921|Randy|Sampson|1983-03-28|PhD|2006-04-02||39
804|804|74577573855|Lisa|Collins|1988-12-15|Middle School|2019-02-06||164
805|805|95678886152|Danielle|Anderson|1978-03-27|Master|2003-11-16||24
806|806|86588747035|Danielle|Pierce|2002-09-10|Collage|2005-04-17||176
807|807|67331733704|Misty|English|1998-12-11|Middle School|2003-09-10||71
808|808|18907198555|Sherri|Frank|1978-04-07|Highschool|2001-10-11||199
809|809|80944781494|Stephanie|Martinez|1959-06-01|PhD|2018-04-28||20
810|810|81609608624|Keith|Jones|1987-12-24|Middle School|2021-03-09||79
811|811|88530022040|Pamela|Crawford|1999-08-26|Collage|2000-11-29||62
812|812|43287812416|Ralph|Fletcher|1990-12-06|Master|2002-07-02||180
813|813|86339471439|Benjamin|Lutz|1987-10-24|Middle School|2012-05-08||159
814|814|50001583230|Ivan|Blanchard|1991-06-11|Middle School|2013-10-10||96
815|815|54533562215|Robert|Brooks|1991-08-10|Collage|2007-08-10||40
816|816|49988559004|Robert|Davis|1981-12-09|Middle School|2019-04-09||102
817|817|64353794262|Sarah|Nunez|1966-06-20|Collage|2004-03-07||171
818|818|94189897373|Kelly|Ramos|1970-09-10|Master|2016-05-03||160
819|819|94585786384|Valerie|Brown|2001-12-26|Middle School|2015-09-27||30
820|820|56545019781|Christopher|Ramirez|1968-10-05|Collage|2019-12-31||148
821|821|48391217378|Andrew|Harvey|1996-04-29|Master|2005-08-02||102
822|822|12146852989|Anthony|Williams|2000-07-23|Middle School|2013-08-15||113
823|823|63372011506|Gregory|Flynn|1988-02-19|PhD|2000-07-23|2002-02-14|74
824|824|20649049217|Cynthia|Mercer|1974-09-03|Master|2017-01-24||134
825|825|13503068948|Justin|Bryan|1999-10-07|Master|2015-08-02||165
826|826|52176186843|Cindy|Moran|1991-05-09|Highschool|2021-04-09||196
827|827|99780553185|George|Hall|1986-09-27|PhD|2008-01-31||91
828|828|35583276710|Amanda|Preston|1967-02-27|Middle School|2005-07-04||66
829|829|30862240347|Caitlin|Mckenzie|1967-01-28|Collage|2004-11-29||152
830|830|19746895480|Bailey|Lambert|1967-03-13|Master|2011-06-21||141
831|831|15592726505|Jonathan|Rodriguez|1995-08-22|Middle School|2008-10-11||100
832|832|84595064736|Andrea|Sampson|1975-06-08|Collage|2016-12-16|2019-08-14|150
833|833|12571314153|Kelli|Richardson|1971-04-14|Middle School|2003-03-20||72
834|834|25053214983|William|Morales|1976-06-29|Collage|2012-08-05||78
835|835|36550673151|Carol|Gibson|1958-11-09|Collage|2002-04-07||101
836|836|41151307591|Thomas|Soto|1994-05-15|PhD|2006-03-22||24
837|837|58710153957|Jill|Adams|1984-06-20|Middle School|2007-09-07||194
838|838|80745811503|Ricardo|Benitez|1990-12-01|Master|2008-07-20||50
839|839|71996298673|Timothy|Bell|1998-10-05|Collage|2012-09-30||110
840|840|91566650036|Deborah|Ramirez|1978-03-09|Collage|2018-10-29||50
841|841|82183444887|John|Vasquez|1957-12-10|Master|2000-10-10||12
842|842|98417665118|Nancy|Porter|1986-12-09|PhD|2001-05-18||44
843|843|86107579300|Christina|Brown|1968-02-14|Collage|2004-03-30||198
844|844|12896528844|Scott|Thomas|1998-03-11|PhD|2002-12-16||113
845|845|76075345390|Laura|Cannon|1995-04-17|Collage|2017-05-02||90
846|846|62077592618|Aaron|Lee|1971-05-27|Highschool|2004-01-20||39
847|847|21810449306|Linda|Brooks|1983-12-07|Master|2020-01-26||49
848|848|58305094206|Robert|Smith|1958-08-17|Master|2003-02-24||33
849|849|83726153119|Larry|Johnson|1997-05-15|Collage|2007-02-11||60
850|850|74329204002|Vanessa|Sellers|1977-07-21|PhD|2006-08-17||25
851|851|52084171352|Adrian|Boyle|1966-08-19|Collage|2006-03-28||178
852|852|87664369779|Lisa|Reyes|2002-01-11|Middle School|2019-08-10||174
853|853|35273218194|Jamie|Fritz|1974-02-11|Middle School|2004-10-01|2005-12-17|188
854|854|13489716754|Kathleen|Ross|1970-09-27|Master|2008-03-05||100
855|855|32720958718|Daryl|Davis|1958-11-18|PhD|2019-01-06||28
856|856|47311125100|Stephanie|Lee|1955-11-03|Middle School|2002-06-25||15
857|857|91039866568|Thomas|Vazquez|1963-07-20|Master|2020-10-18|2021-01-16|21
858|858|59477742663|Laura|Phillips|1986-12-17|Master|2008-10-26||188
859|859|11073071912|Brandon|Farmer|1996-05-23|Middle School|2019-10-18||59
860|860|18499805950|Michael|Spencer|1996-01-02|Collage|2000-09-15||70
861|861|23779168036|Adam|Greer|1977-12-13|Collage|2014-05-14||21
862|862|37247698383|Kelsey|Yates|1971-02-24|Middle School|2012-06-30||22
863|863|79035076274|Eric|Butler|1970-09-05|Highschool|2012-09-21||191
864|864|25164297345|Carly|Miller|1984-09-20|Highschool|2008-06-06||113
865|865|48922940404|Michael|Baker|1971-08-18|Collage|2001-04-08||119
866|866|50743391501|Edward|Lopez|1991-03-11|Collage|2013-02-12||169
867|867|40159002598|Timothy|Davis|1982-04-25|PhD|2014-05-28||127
868|868|31531334410|Mark|Henderson|1966-10-11|Highschool|2010-05-06|2012-01-29|14
869|869|62344318345|Bianca|Rasmussen|1980-03-28|Highschool|2015-06-24||65
870|870|95742782958|Scott|Roberts|2000-07-07|PhD|2010-07-21||11
871|871|52793734088|Bethany|Richardson|1961-02-14|Master|2017-04-08||102
872|872|14741329851|Matthew|Hernandez|1989-01-22|Middle School|2017-02-03||149
873|873|61783467469|Heather|Byrd|1978-12-25|PhD|2005-11-12||157
874|874|86529198239|Phillip|Martinez|1991-03-02|Collage|2016-02-13||39
875|875|77639868870|Sherry|Mills|2003-02-27|Middle School|2018-02-22||136
876|876|47725971438|Brooke|Klein|1982-08-08|PhD|2019-02-26||31
877|877|36616647709|Michelle|Garcia|1962-07-07|Master|2011-02-08||99
878|878|27742626708|Michelle|Wilson|1959-11-06|Master|2009-02-03|2010-07-12|163
879|879|54401548778|Francisco|Baker|1966-01-03|Highschool|2010-04-10||143
880|880|13508857950|Jacqueline|Mason|1980-02-05|PhD|2010-09-13||134
881|881|92844180492|Tammy|Gonzales|1960-05-15|Middle School|2007-04-01||149
882|882|84412439247|Scott|Leblanc|1987-04-16|Master|2009-04-14||93
883|883|30785928842|Christopher|Vance|1955-05-07|Middle School|2014-04-04||111
884|884|72864655752|Richard|Morris|1976-11-29|PhD|2002-02-17||155
885|885|92212236734|Amy|Alvarez|1955-08-24|Middle School|2006-11-05||133
886|886|72536406245|Jonathan|Orozco|1999-07-06|Collage|2003-05-26||3
887|887|30391727132|Sarah|Powell|1961-05-22|Highschool|2016-01-06||69
888|888|74910759532|Anthony|Garcia|1999-07-24|Middle School|2001-07-24||84
889|889|24656907908|Daniel|Powers|1986-01-23|Master|2007-07-26||54
890|890|75253470404|Amanda|Vincent|2000-07-16|PhD|2018-01-31|2018-06-25|175
891|891|16932815276|Crystal|Santos|1986-04-12|Master|2005-11-01||112
892|892|45910810172|Anthony|Sanchez|1976-12-10|Master|2016-04-22||12
893|893|44099893529|Brenda|Howard|1984-01-08|Middle School|2009-02-21||78
894|894|85334285605|Alexander|Brown|1959-08-27|PhD|2011-02-07||86
895|895|28965814772|Kelly|Anderson|1982-06-13|Collage|2002-04-05||4
896|896|12760031905|Jenna|Marks|1992-12-08|Highschool|2005-05-14||20
897|897|61390049600|Melissa|Jones|1983-12-20|Collage|2009-11-04||1
898|898|17967567462|Jamie|Farmer|1967-01-19|Master|2010-08-15||112
899|899|85201073299|Susan|Zimmerman|1960-01-20|Collage|2004-06-19||183
900|900|36552345354|Jon|Lutz|1976-11-20|Master|2010-03-27||195
901|901|91207026566|Donna|Bender|1965-02-21|Middle School|2009-08-29||79
902|902|38648934250|Renee|Rice|1963-12-12|Highschool|2008-02-05||156
903|903|81860811276|Stephanie|Brown|1984-04-05|Collage|2010-04-23|2011-01-22|179
904|904|95495657773|David|Jones|1960-09-13|Middle School|2014-09-11||134
905|905|18018311211|Samantha|Green|1959-01-15|Collage|2007-12-11||178
906|906|16476697495|April|Avery|1995-12-23|Highschool|2012-02-22||133
907|907|37593168687|Corey|Miles|1997-01-18|Highschool|2005-05-17||79
908|908|52018906667|John|Calhoun|1984-01-25|PhD|2013-08-12||78
909|909|50785948578|Lucas|Brown|1989-01-04|Middle School|2010-01-24||197
910|910|23687461933|Roger|Nguyen|1971-03-17|Collage|2003-08-31||106
911|911|89388412117|Stacey|Goodwin|1973-09-15|Middle School|2020-01-24||55
912|912|29434788101|Laura|Smith|1957-08-09|Master|2011-04-28||122
913|913|20137739929|Debbie|Roberts|1961-11-07|PhD|2007-07-26||174
914|914|48112168908|Thomas|Kidd|1999-10-06|PhD|2003-11-10||112
915|915|38737414326|Sarah|May|1975-01-31|Middle School|2014-10-13||77
916|916|98389837438|Julia|Clarke|1998-05-14|PhD|2003-11-22||132
917|917|31898030341|Katherine|Smith|1989-02-01|Master|2018-10-19||45
918|918|94358931231|Carmen|Sutton|1998-10-16|Middle School|2016-10-06||77
919|919|68568943512|Amanda|Ray|2001-11-21|Master|2011-03-30||166
920|920|29625912657|Shawn|Bennett|1962-11-23|PhD|2019-04-12||159
921|921|61086293275|Lauren|Rose|1956-03-29|Master|2009-08-23||34
922|922|50527851692|Daniel|Nunez|1998-06-15|Highschool|2009-10-12||195
923|923|31962827261|Danielle|Freeman|1989-03-21|Collage|2008-06-29||116
924|924|92740929187|John|Park|1980-07-25|Highschool|2021-01-08||50
925|925|68290120289|Taylor|Reynolds|1996-05-05|PhD|2016-07-27||24
926|926|80129369778|Austin|Ortega|1989-06-20|Highschool|2012-07-27||125
927|927|54754433222|Eric|Bean|1971-09-27|PhD|2002-11-30||62
928|928|58232986337|Elizabeth|Wilkinson|1988-03-23|Highschool|2011-03-11||104
929|929|96414645467|Brandon|Lucero|1993-08-28|Middle School|2007-08-08||149
930|930|94233275685|Thomas|Miller|1963-03-05|Middle School|2017-12-12||165
931|931|66981291967|Mark|Sanders|1994-04-03|Collage|2015-07-18||43
932|932|42528291950|Joseph|Smith|1997-07-05|Highschool|2012-07-04||173
933|933|52401240756|Gary|Smith|2000-01-12|Middle School|2012-05-14||31
934|934|43614146522|Antonio|Bell|1994-02-18|Collage|2005-07-10|2006-11-25|187
935|935|49605032968|Wayne|Schmidt|1985-09-21|Middle School|2005-07-12||149
936|936|96732757888|Peter|Wagner|1982-04-22|Middle School|2007-04-21||54
937|937|48873251522|Joyce|Obrien|1998-07-12|Collage|2006-02-28||152
938|938|58104942924|Keith|Simmons|1998-07-21|Middle School|2003-07-16|2005-10-02|13
939|939|50089734569|Christopher|Reed|1973-08-23|Highschool|2001-07-05||83
940|940|85761795206|Lisa|Griffith|1998-08-10|Master|2013-04-13||28
941|941|18338849219|Gregory|Freeman|1999-04-11|Middle School|2021-02-11||121
942|942|36503899597|Anthony|Rowland|1999-12-17|Highschool|2002-02-23||124
943|943|72357970454|Phillip|Lloyd|1961-05-14|Highschool|2004-06-27||193
944|944|23717061343|Edward|Contreras|1963-04-28|PhD|2015-12-23||16
945|945|72366331442|Sharon|Cook|1964-10-21|Middle School|2019-03-05||27
946|946|57550640095|Edgar|Mckenzie|1966-03-18|PhD|2007-06-12||80
947|947|94769388217|John|Miller|1977-09-20|Highschool|2013-08-02||108
948|948|94452150280|Todd|Taylor|1955-06-20|Collage|2007-08-07||61
949|949|61799898073|April|Cooper|1984-06-30|Middle School|2004-07-04||167
950|950|75901022277|Roger|Norris|2002-11-24|Middle School|2004-04-06||118
951|951|24458254080|Susan|Green|1968-03-15|Middle School|2009-10-24||79
952|952|48806669736|Kylie|Crawford|1988-12-18|Collage|2006-09-24||47
953|953|15002698588|Douglas|Stewart|1988-10-13|Master|2008-03-22||106
954|954|89433590476|Holly|Roy|1967-07-21|Middle School|2003-10-04||116
955|955|59717104371|Erica|Collins|1965-08-03|Master|2000-09-18||81
956|956|63499543140|Chelsea|Lopez|1985-03-15|Highschool|2020-07-08||188
957|957|75233941925|John|Olson|1962-12-05|Highschool|2012-11-20|2015-05-12|147
958|958|75224483879|Debra|Gibson|1997-05-03|Highschool|2021-04-14||71
959|959|55299934886|Karl|Peterson|2000-05-23|PhD|2011-07-08||161
960|960|34488872587|Wendy|Taylor|1977-10-07|Middle School|2008-01-04||41
961|961|91155774261|Stephanie|Mckee|1955-06-17|PhD|2019-11-12||142
962|962|73075240733|Michael|Norris|2001-11-05|Collage|2018-12-08||105
963|963|28393704501|Travis|Franklin|1996-08-10|Middle School|2007-12-04||143
964|964|84802145601|Randall|Powers|1967-09-14|Middle School|2016-12-07|2019-08-25|182
965|965|13141697825|Jason|Richards|1986-03-12|Collage|2005-05-19||65
966|966|17422482719|Jeffrey|Griffith|1962-01-31|Middle School|2014-09-05|2014-12-19|193
967|967|88568076579|Susan|Glover|1960-03-03|Highschool|2004-08-27||164
968|968|49973133698|Brandy|Miller|1977-02-16|Highschool|2003-11-03||159
969|969|44518009873|Curtis|Beasley|1960-04-27|Collage|2008-06-15||101
970|970|94634995496|Diana|Williams|1957-04-23|Middle School|2016-06-27||66
971|971|68951029780|Mark|Watson|2001-05-03|Highschool|2001-10-27||155
972|972|97845543550|Gregory|Green|1994-07-23|PhD|2009-10-20||70
973|973|21634674042|Stephanie|Collier|1974-12-06|Highschool|2003-11-02||186
974|974|54108166476|George|Taylor|1963-11-22|Collage|2006-06-25||32
975|975|49143508987|Jeremy|Jackson|1957-07-31|Highschool|2019-04-16||189
976|976|13223555853|Timothy|Wright|1977-03-16|Middle School|2016-06-16||181
977|977|20361782006|Brian|Tate|1994-06-22|Collage|2010-09-02||10
978|978|46989853155|Jamie|Guerra|1962-06-11|Highschool|2008-10-07||174
979|979|68458490466|Timothy|Riggs|1979-05-08|Middle School|2019-06-06||40
980|980|47538288947|Natalie|Benjamin|1969-04-07|Collage|2016-08-19||114
981|981|78998370854|Christine|Martinez|1962-11-26|Master|2014-09-30|2016-11-09|53
982|982|52423060541|Lisa|Yang|1967-12-15|Highschool|2005-02-03||102
983|983|21963017772|Nicholas|Brown|1955-10-03|PhD|2020-08-04||191
984|984|52752244130|Jason|Jones|1962-07-28|PhD|2008-03-14||4
985|985|55548639074|Charles|Cole|1992-04-16|Middle School|2010-07-29||34
986|986|39229134543|Joseph|George|1993-05-10|Collage|2008-09-10||72
987|987|12470617002|Amber|Gonzalez|1998-09-21|Middle School|2009-10-12||68
988|988|26274767469|Tracey|Kim|1971-01-19|Middle School|2018-10-24||16
989|989|48819271098|David|Walker|1969-07-10|Middle School|2015-06-20||34
990|990|53270233447|Bruce|Wright|1973-06-13|Master|2013-10-10||26
991|991|75066027614|Gary|Kirby|1976-08-14|Master|2010-10-23||167
992|992|46303753215|Anthony|Chase|1956-05-07|PhD|2000-11-02||167
993|993|93166356289|Manuel|Hall|1979-07-17|Middle School|2011-04-07||73
994|994|54413874019|Debra|Romero|1964-03-02|Collage|2007-04-08||152
995|995|23832187580|Sally|Arnold|1962-03-11|Middle School|2004-07-16||62
996|996|95871531944|Kimberly|Johnson|1993-02-07|Middle School|2006-05-30||74
997|997|79250045688|Annette|Reese|1990-07-10|Middle School|2011-04-08||123
998|998|49129617498|Brian|Arias|1991-09-18|Highschool|2009-11-06|2012-06-06|152
999|999|51110156603|Travis|Vargas|1992-12-18|Master|2005-12-16||142
