offer_ID|start_date|end_date|price|capacity|discount|hotel_ID
0|1973-03-14 01:44:17|1973-04-11 01:44:17|3724|4|0.46|0
1|2006-04-13 16:05:48|2006-04-27 16:05:48|3136|4|0.63|1
2|1994-09-05 20:49:16|1994-09-08 20:49:16|498|3|0.34|2
3|2006-09-17 06:45:35|2006-09-24 06:45:35|1400|3|0.61|3
4|1985-09-06 04:59:59|1985-09-27 04:59:59|4557|4|0.73|4
5|2017-03-16 21:02:07|2017-04-13 21:02:07|5684|2|0.38|5
6|2006-02-15 20:20:01|2006-03-08 20:20:01|4998|1|0.52|6
7|1981-05-07 16:19:08|1981-05-10 16:19:08|615|3|0.44|7
8|1995-06-26 13:19:25|1995-07-24 13:19:25|5180|2|0.17|8
9|1980-10-20 17:56:33|1980-10-27 17:56:33|854|4|0.86|9
10|1976-10-24 22:41:05|1976-11-14 22:41:05|4179|2|0.72|10
11|2016-04-20 08:33:45|2016-04-27 08:33:45|1092|3|0.20|11
12|1981-04-09 21:26:02|1981-04-30 21:26:02|2541|2|0.19|12
13|2013-03-16 16:58:55|2013-04-13 16:58:55|3948|4|0.14|13
14|2013-03-01 22:12:57|2013-03-15 22:12:57|3262|2|0.50|14
15|2012-01-26 01:16:44|2012-02-09 01:16:44|2590|2|0.37|15
16|1985-05-25 15:51:01|1985-06-22 15:51:01|5096|1|0.10|16
17|2021-02-10 19:05:41|2021-03-10 19:05:41|6664|4|0.26|17
18|2018-09-24 09:55:07|2018-10-15 09:55:07|2142|2|0.25|18
19|1980-05-07 06:00:14|1980-05-10 06:00:14|591|2|0.43|19
20|2006-10-21 04:37:51|2006-11-04 04:37:51|3164|2|0.58|20
21|2011-06-28 07:40:03|2011-07-26 07:40:03|5768|4|0.39|21
22|1998-11-08 23:14:30|1998-12-06 23:14:30|4732|2|0.48|22
23|1983-10-05 14:41:14|1983-11-02 14:41:14|4228|4|0.76|23
24|1988-12-12 04:49:31|1989-01-09 04:49:31|3780|3|0.73|24
25|1973-04-30 17:15:08|1973-05-03 17:15:08|504|3|0.43|25
26|1997-04-12 17:57:57|1997-05-03 17:57:57|3759|1|0.31|26
27|1990-03-06 11:00:32|1990-03-20 11:00:32|2240|2|0.70|27
28|1996-07-10 20:17:32|1996-08-07 20:17:32|3948|2|0.02|28
29|2005-07-04 03:08:19|2005-07-07 03:08:19|444|2|0.42|29
30|1998-09-01 13:50:42|1998-09-04 13:50:42|369|3|0.55|30
31|2002-06-06 14:39:29|2002-06-09 14:39:29|318|4|0.82|31
32|2001-11-06 07:20:59|2001-11-20 07:20:59|3402|1|0.61|32
33|1991-11-28 09:31:33|1991-12-05 09:31:33|1624|3|0.21|33
34|1979-04-07 06:40:05|1979-04-21 06:40:05|1414|3|0.17|34
35|2019-02-07 03:56:12|2019-02-10 03:56:12|732|2|0.39|35
36|1990-06-01 08:55:27|1990-06-08 08:55:27|805|1|0.96|36
37|1970-01-09 18:56:17|1970-01-16 18:56:17|840|3|0.34|37
38|1975-02-04 21:59:00|1975-03-04 21:59:00|6944|4|0.01|38
39|1987-02-07 19:43:53|1987-02-21 19:43:53|2856|2|0.31|39
40|2018-03-15 21:53:59|2018-03-18 21:53:59|429|2|0.81|40
41|2007-10-27 10:11:17|2007-11-17 10:11:17|4578|2|0.37|41
42|2015-06-20 05:12:17|2015-06-23 05:12:17|357|1|0.37|42
43|1991-03-16 23:49:58|1991-03-30 23:49:58|2030|1|0.46|43
44|1984-03-16 15:05:10|1984-03-23 15:05:10|952|1|0.23|44
45|2019-11-30 06:13:23|2019-12-28 06:13:23|6636|1|0.90|45
46|2011-09-22 02:41:48|2011-10-20 02:41:48|3164|1|0.53|46
47|2010-06-03 13:48:32|2010-06-24 13:48:32|2562|2|0.14|47
48|1974-07-19 16:35:04|1974-08-02 16:35:04|2842|3|0.90|48
49|1974-01-11 23:26:06|1974-01-14 23:26:06|747|1|0.07|49
50|1997-12-04 22:32:20|1997-12-25 22:32:20|3633|3|0.60|50
51|1979-07-20 06:09:43|1979-07-23 06:09:43|309|3|0.48|51
52|1979-10-14 23:00:36|1979-10-17 23:00:36|696|4|0.54|52
53|2002-09-23 15:11:05|2002-10-07 15:11:05|3108|2|0.03|53
54|1980-11-27 02:36:46|1980-11-30 02:36:46|660|2|0.03|54
55|1986-07-02 10:51:01|1986-07-16 10:51:01|2534|3|0.76|55
56|1996-08-16 06:43:05|1996-08-30 06:43:05|2184|3|0.20|56
57|1980-11-06 23:27:41|1980-11-20 23:27:41|1792|4|0.50|57
58|2013-12-19 12:29:20|2014-01-02 12:29:20|2310|2|0.86|58
59|1998-07-07 12:46:13|1998-07-28 12:46:13|5208|2|0.33|59
60|1996-08-10 08:23:11|1996-08-13 08:23:11|399|3|0.41|60
61|2010-03-31 17:37:47|2010-04-07 17:37:47|1533|3|0.95|61
62|1983-02-28 06:28:24|1983-03-21 06:28:24|4557|2|0.75|62
63|1986-12-01 07:45:02|1986-12-29 07:45:02|4536|4|0.58|63
64|1993-11-05 10:07:08|1993-11-19 10:07:08|2646|2|0.47|64
65|1974-10-20 01:45:37|1974-10-27 01:45:37|1218|1|0.11|65
66|1985-05-26 20:13:41|1985-05-29 20:13:41|522|2|0.61|66
67|1988-10-18 10:22:45|1988-10-25 10:22:45|1400|4|0.69|67
68|1979-07-23 15:55:14|1979-07-26 15:55:14|303|1|0.96|68
69|1997-04-26 20:36:29|1997-05-17 20:36:29|4305|4|0.93|69
70|1978-05-27 21:34:18|1978-06-24 21:34:18|3864|1|0.39|70
71|2019-05-28 07:19:10|2019-06-11 07:19:10|2394|4|0.50|71
72|2020-05-02 05:22:56|2020-05-23 05:22:56|2205|3|0.06|72
73|2009-11-15 08:41:50|2009-12-06 08:41:50|4935|1|0.73|73
74|2015-10-02 12:54:22|2015-10-16 12:54:22|3472|3|0.56|74
75|1980-05-02 03:47:22|1980-05-23 03:47:22|4074|4|0.66|75
76|1984-01-03 23:01:41|1984-01-17 23:01:41|2884|2|0.80|76
77|2000-03-04 07:16:49|2000-03-18 07:16:49|2828|4|0.38|77
78|1979-09-10 13:56:23|1979-09-17 13:56:23|1134|4|0.03|78
79|2015-09-30 13:37:39|2015-10-07 13:37:39|1113|4|0.61|79
80|1988-09-29 20:26:06|1988-10-06 20:26:06|1652|2|0.65|80
81|1992-04-14 07:08:07|1992-05-12 07:08:07|6160|4|0.49|81
82|1970-09-25 15:58:44|1970-10-09 15:58:44|2842|4|0.59|82
83|2013-05-01 16:06:40|2013-05-04 16:06:40|387|1|0.28|83
84|1977-12-25 07:24:37|1978-01-08 07:24:37|3402|1|0.24|84
85|2005-06-06 02:05:36|2005-06-27 02:05:36|2982|3|0.41|85
86|1991-03-05 22:31:20|1991-03-12 22:31:20|1498|3|0.14|86
87|2005-09-04 01:54:46|2005-09-11 01:54:46|1211|4|0.12|87
88|1976-12-25 10:34:05|1977-01-08 10:34:05|2422|1|0.05|88
89|2012-10-09 14:08:04|2012-10-12 14:08:04|681|4|0.29|89
90|2010-09-22 11:14:27|2010-10-06 11:14:27|1988|4|0.34|90
91|2002-01-22 11:39:44|2002-01-25 11:39:44|624|4|0.13|91
92|1985-10-19 21:27:52|1985-11-16 21:27:52|4256|3|0.50|92
93|2014-12-10 20:43:50|2014-12-13 20:43:50|600|2|0.57|93
94|1999-10-29 07:25:29|1999-11-26 07:25:29|5824|1|1.00|94
95|1990-05-03 06:23:39|1990-05-24 06:23:39|3402|4|0.57|95
96|1978-07-01 12:34:14|1978-07-04 12:34:14|429|4|0.87|96
97|2006-11-01 01:51:18|2006-11-15 01:51:18|1820|3|0.78|97
98|2020-07-22 04:06:26|2020-08-19 04:06:26|5404|2|0.79|98
99|2011-07-07 12:28:04|2011-07-21 12:28:04|3108|2|0.17|99
100|2000-12-02 08:43:55|2000-12-05 08:43:55|408|2|0.36|100
101|1980-06-16 15:40:00|1980-06-19 15:40:00|693|2|0.20|101
102|1974-10-16 20:51:50|1974-11-13 20:51:50|4872|3|0.68|102
103|2018-12-30 20:47:45|2019-01-06 20:47:45|777|2|0.24|103
104|1993-03-25 23:25:27|1993-04-15 23:25:27|4872|4|0.44|104
105|1988-07-08 03:38:00|1988-07-29 03:38:00|5040|2|0.49|105
106|1972-10-15 08:31:44|1972-11-05 08:31:44|3465|3|0.56|106
107|1995-12-18 06:38:06|1995-12-25 06:38:06|1554|3|0.58|107
108|1987-05-21 07:16:32|1987-06-11 07:16:32|4767|1|0.78|108
109|1977-09-05 14:14:05|1977-10-03 14:14:05|3584|2|0.09|109
110|2012-08-29 15:25:21|2012-09-12 15:25:21|1876|1|0.75|110
111|2001-09-30 13:24:36|2001-10-07 13:24:36|1505|3|0.46|111
112|1998-12-26 01:33:14|1999-01-16 01:33:14|4830|4|0.50|112
113|2009-10-22 17:18:43|2009-11-05 17:18:43|1946|1|0.32|113
114|1981-06-18 23:55:18|1981-06-25 23:55:18|1204|4|0.03|114
115|2018-04-20 04:43:48|2018-05-18 04:43:48|4368|4|0.93|115
116|2017-01-19 18:11:13|2017-02-16 18:11:13|4564|1|0.44|116
117|2003-03-01 00:13:22|2003-03-15 00:13:22|2366|3|0.90|117
118|1989-10-23 12:02:48|1989-10-30 12:02:48|791|4|0.16|118
119|1985-04-15 07:03:06|1985-05-13 07:03:06|5852|1|0.34|119
120|2005-07-31 05:47:48|2005-08-03 05:47:48|300|2|0.89|120
121|1977-01-05 07:49:19|1977-01-26 07:49:19|5166|2|0.56|121
122|1976-01-11 11:49:27|1976-01-25 11:49:27|2310|4|0.86|122
123|2019-10-18 23:25:39|2019-11-15 23:25:39|4144|4|0.95|123
124|2011-01-21 12:03:05|2011-01-24 12:03:05|483|4|0.80|124
125|2010-10-07 09:26:26|2010-11-04 09:26:26|4088|4|0.19|125
126|1994-09-03 05:07:50|1994-10-01 05:07:50|6020|3|0.93|126
127|1986-06-03 08:38:22|1986-06-17 08:38:22|1428|1|0.08|127
128|2015-04-01 10:37:49|2015-04-15 10:37:49|2842|2|0.81|128
129|2003-08-27 15:42:25|2003-09-10 15:42:25|1974|1|0.32|129
130|2017-09-29 08:07:55|2017-10-02 08:07:55|591|4|0.40|130
131|1999-06-07 06:45:57|1999-06-10 06:45:57|636|1|0.05|131
132|1998-09-11 18:24:44|1998-09-18 18:24:44|1344|4|0.06|132
133|1973-11-09 02:32:37|1973-11-30 02:32:37|2793|1|0.02|133
134|2013-06-03 01:33:41|2013-06-24 01:33:41|2604|3|0.49|134
135|1977-02-27 12:20:14|1977-03-20 12:20:14|2310|3|0.58|135
136|1989-01-25 11:56:08|1989-02-22 11:56:08|3220|3|0.39|136
137|2019-04-10 10:03:43|2019-05-01 10:03:43|2142|2|0.07|137
138|2019-11-04 23:03:07|2019-11-18 23:03:07|2184|4|0.84|138
139|1988-10-09 16:15:37|1988-10-23 16:15:37|1722|2|0.23|139
140|1987-02-16 07:29:02|1987-03-02 07:29:02|2044|4|0.44|140
141|2013-07-27 21:12:00|2013-08-17 21:12:00|5166|1|0.52|141
142|2004-07-23 00:32:57|2004-08-06 00:32:57|1890|4|0.14|142
143|1992-05-18 02:32:21|1992-06-01 02:32:21|2884|4|0.01|143
144|1998-07-23 08:12:29|1998-08-13 08:12:29|4179|1|0.98|144
145|2015-05-22 20:09:40|2015-05-29 20:09:40|1071|1|0.03|145
146|1987-02-05 19:54:21|1987-02-26 19:54:21|3570|3|0.54|146
147|1994-04-09 20:45:01|1994-04-12 20:45:01|480|3|0.34|147
148|1975-08-28 07:07:16|1975-09-18 07:07:16|5019|3|0.41|148
149|1970-11-18 06:43:32|1970-12-09 06:43:32|4221|4|0.13|149
150|1976-11-18 14:58:47|1976-12-02 14:58:47|3122|2|0.45|150
151|2018-07-12 02:06:20|2018-07-26 02:06:20|2366|3|0.21|151
152|2003-01-16 09:07:10|2003-01-23 09:07:10|854|2|0.74|152
153|1986-07-09 10:33:57|1986-07-30 10:33:57|3297|2|0.58|153
154|2009-11-11 17:50:14|2009-11-14 17:50:14|366|4|0.53|154
155|2003-09-07 16:44:04|2003-10-05 16:44:04|3192|2|0.61|155
156|1985-01-24 15:09:55|1985-01-27 15:09:55|684|3|0.74|156
157|2010-03-23 11:36:04|2010-03-30 11:36:04|1652|2|0.09|157
158|1999-07-09 08:06:45|1999-08-06 08:06:45|2828|4|0.74|158
159|2015-04-19 06:51:34|2015-04-22 06:51:34|351|3|0.03|159
160|1988-02-01 08:32:00|1988-02-08 08:32:00|1190|4|0.73|160
161|1977-01-28 01:48:22|1977-01-31 01:48:22|432|3|0.94|161
162|2018-03-20 14:03:46|2018-04-17 14:03:46|3360|2|0.46|162
163|2003-03-14 20:59:51|2003-04-11 20:59:51|6664|1|0.35|163
164|2008-02-26 13:08:01|2008-03-25 13:08:01|3696|1|0.87|164
165|2011-04-14 03:13:28|2011-05-12 03:13:28|4592|3|0.10|165
166|2008-06-28 13:31:13|2008-07-01 13:31:13|564|1|0.40|166
167|1995-07-30 02:45:26|1995-08-06 02:45:26|770|2|0.67|167
168|2011-04-13 19:35:55|2011-05-04 19:35:55|4494|3|0.69|168
169|2005-04-25 23:44:46|2005-05-23 23:44:46|5740|4|0.64|169
170|2015-06-06 05:16:56|2015-06-27 05:16:56|3549|1|0.76|170
171|1996-01-14 06:10:14|1996-02-04 06:10:14|4578|4|0.15|171
172|1972-11-12 10:21:41|1972-12-10 10:21:41|3724|3|0.75|172
173|2010-12-11 09:32:57|2010-12-14 09:32:57|327|1|0.59|173
174|1977-05-03 07:49:05|1977-05-10 07:49:05|1106|4|0.80|174
175|2010-03-05 01:20:07|2010-03-08 01:20:07|726|3|0.67|175
176|2013-09-25 20:13:30|2013-10-16 20:13:30|4578|4|0.40|176
177|1976-09-16 03:18:36|1976-09-23 03:18:36|1715|2|0.61|177
178|2009-03-04 06:00:08|2009-03-07 06:00:08|357|2|0.42|178
179|1976-06-17 02:09:00|1976-07-01 02:09:00|1694|4|0.62|179
180|1977-12-29 19:35:18|1978-01-19 19:35:18|2709|4|0.58|180
181|1986-03-28 18:59:03|1986-03-31 18:59:03|642|4|0.48|181
182|1994-07-19 06:25:25|1994-08-02 06:25:25|2030|1|0.17|182
183|2009-06-24 00:17:19|2009-06-27 00:17:19|390|1|0.90|183
184|2015-10-09 19:07:58|2015-10-12 19:07:58|696|1|0.44|184
185|2018-04-08 21:05:07|2018-04-22 21:05:07|2618|1|0.18|185
186|2011-02-02 16:10:29|2011-02-09 16:10:29|1106|2|0.11|186
187|1998-09-15 14:59:42|1998-09-22 14:59:42|1526|3|0.76|187
188|1996-10-17 14:06:00|1996-10-31 14:06:00|1722|1|0.61|188
189|2018-11-18 04:04:33|2018-12-02 04:04:33|3374|3|0.09|189
190|2020-08-25 22:04:41|2020-09-01 22:04:41|1456|1|0.57|190
191|1972-09-17 20:21:12|1972-09-24 20:21:12|1470|1|0.80|191
192|1993-08-20 07:10:37|1993-08-23 07:10:37|525|3|0.73|192
193|2014-01-13 11:18:26|2014-02-03 11:18:26|3171|1|0.71|193
194|1999-12-17 08:25:19|2000-01-14 08:25:19|3472|3|0.82|194
195|2001-05-09 19:53:18|2001-05-30 19:53:18|4662|1|0.69|195
196|2009-01-06 13:34:02|2009-01-27 13:34:02|4410|4|0.00|196
197|2005-07-29 09:42:15|2005-08-05 09:42:15|1491|1|0.48|197
198|1972-07-15 12:08:25|1972-07-22 12:08:25|1589|3|0.20|198
199|1997-02-17 13:28:48|1997-03-03 13:28:48|1638|4|0.87|199
200|2012-09-28 23:11:20|2012-10-01 23:11:20|333|3|0.20|200
201|2020-08-27 19:44:50|2020-09-17 19:44:50|3213|4|0.40|201
202|1999-05-21 09:09:19|1999-05-24 09:09:19|534|3|0.54|202
203|2015-07-13 18:49:26|2015-07-16 18:49:26|387|2|0.91|203
204|1971-09-30 07:11:48|1971-10-14 07:11:48|1862|1|0.55|204
205|1984-09-13 16:36:15|1984-09-16 16:36:15|339|1|0.71|205
206|2008-07-31 02:55:04|2008-08-28 02:55:04|3584|2|0.90|206
207|1982-04-20 06:13:56|1982-04-23 06:13:56|741|4|1.00|207
208|1971-08-24 02:42:26|1971-09-07 02:42:26|3234|1|0.36|208
209|2012-11-27 16:35:24|2012-11-30 16:35:24|438|1|0.65|209
210|1992-05-21 09:37:29|1992-05-24 09:37:29|510|4|0.09|210
211|1976-09-21 19:00:07|1976-09-24 19:00:07|390|3|0.52|211
212|1989-11-21 13:55:41|1989-11-24 13:55:41|495|1|0.47|212
213|1998-01-17 21:25:08|1998-01-24 21:25:08|1162|2|0.59|213
214|1971-12-07 06:05:36|1971-12-21 06:05:36|3122|3|0.01|214
215|2019-08-12 19:39:41|2019-08-15 19:39:41|702|1|0.55|215
216|2001-01-27 10:19:50|2001-02-10 10:19:50|3444|3|0.20|216
217|1987-04-03 03:07:34|1987-04-06 03:07:34|729|2|0.62|217
218|1994-05-27 18:37:49|1994-06-03 18:37:49|1141|2|0.94|218
219|2016-06-24 08:20:50|2016-07-22 08:20:50|3556|4|0.02|219
220|1993-05-31 09:39:23|1993-06-28 09:39:23|4788|3|0.95|220
221|1993-12-24 09:55:46|1994-01-14 09:55:46|4032|2|0.67|221
222|1986-12-04 11:58:35|1987-01-01 11:58:35|5432|1|0.04|222
223|1988-10-28 17:42:03|1988-10-31 17:42:03|516|1|0.36|223
224|2000-05-08 13:31:55|2000-05-22 13:31:55|2506|3|0.55|224
225|1973-04-03 01:16:55|1973-04-10 01:16:55|1029|4|0.97|225
226|1992-01-31 19:11:12|1992-02-21 19:11:12|2478|4|0.07|226
227|2001-03-07 17:40:24|2001-03-28 17:40:24|3192|4|0.26|227
228|2017-07-29 08:01:57|2017-08-19 08:01:57|3969|1|0.59|228
229|2013-03-14 05:19:17|2013-03-28 05:19:17|2842|1|0.83|229
230|1987-11-29 05:13:23|1987-12-13 05:13:23|2352|1|0.72|230
231|1980-12-05 12:55:38|1980-12-12 12:55:38|1379|4|0.06|231
232|1984-04-01 04:38:32|1984-04-22 04:38:32|2940|1|0.32|232
233|2008-01-03 00:57:48|2008-01-06 00:57:48|642|4|0.63|233
234|2007-03-30 15:52:27|2007-04-13 15:52:27|1862|3|0.18|234
235|2014-02-12 06:12:16|2014-02-19 06:12:16|1456|2|0.65|235
236|1991-11-27 09:34:59|1991-12-18 09:34:59|3423|2|0.91|236
237|2020-05-28 07:36:30|2020-06-04 07:36:30|1456|3|0.77|237
238|1997-04-23 21:13:28|1997-04-26 21:13:28|732|4|0.99|238
239|2021-04-06 20:22:55|2021-04-20 20:22:55|2926|2|0.86|239
240|1993-09-19 23:41:44|1993-10-17 23:41:44|5040|1|0.38|240
241|1981-09-16 12:36:04|1981-10-07 12:36:04|2688|3|0.98|241
242|2004-01-06 12:01:50|2004-01-27 12:01:50|5208|4|0.34|242
243|1976-01-18 20:41:36|1976-02-15 20:41:36|3472|4|0.63|243
244|1992-09-17 17:32:35|1992-10-15 17:32:35|6580|2|0.18|244
245|1993-12-10 03:40:32|1993-12-13 03:40:32|591|1|0.12|245
246|2011-12-12 18:32:56|2012-01-02 18:32:56|3171|1|0.96|246
247|2006-08-17 21:32:41|2006-09-14 21:32:41|5124|3|0.15|247
248|2020-05-07 07:16:32|2020-05-10 07:16:32|597|1|0.89|248
249|1985-06-27 07:20:39|1985-07-04 07:20:39|1701|2|0.26|249
250|1991-07-17 11:58:21|1991-07-24 11:58:21|910|2|0.09|250
251|1990-10-24 13:47:01|1990-11-21 13:47:01|3304|4|0.05|251
252|1976-11-22 18:42:27|1976-12-20 18:42:27|6048|2|0.58|252
253|2019-02-16 22:23:03|2019-03-16 22:23:03|5348|1|0.35|253
254|1976-02-26 17:04:32|1976-03-11 17:04:32|3458|4|0.60|254
255|2013-07-07 15:49:07|2013-07-14 15:49:07|896|1|0.33|255
256|1997-08-19 19:22:07|1997-09-02 19:22:07|2254|4|0.64|256
257|1991-04-18 18:38:26|1991-05-09 18:38:26|4053|1|0.61|257
258|2012-04-24 21:59:01|2012-05-01 21:59:01|1225|2|0.58|258
259|2003-11-01 18:59:39|2003-11-08 18:59:39|1253|4|0.70|259
260|2013-07-08 05:41:52|2013-07-22 05:41:52|2758|1|0.93|260
261|1982-09-02 19:56:30|1982-09-23 19:56:30|3570|3|0.25|261
262|1996-01-16 23:17:14|1996-02-06 23:17:14|3234|3|0.80|262
263|1983-10-04 10:38:54|1983-10-18 10:38:54|3486|2|0.31|263
264|1988-01-05 16:00:15|1988-01-08 16:00:15|453|1|0.12|264
265|2018-02-20 10:12:07|2018-03-13 10:12:07|3717|2|0.11|265
266|2003-01-13 16:37:02|2003-02-10 16:37:02|2996|2|0.12|266
267|1993-11-10 01:24:36|1993-11-17 01:24:36|728|4|0.47|267
268|1992-12-07 05:04:29|1992-12-28 05:04:29|2814|3|0.33|268
269|1999-10-16 19:26:23|1999-10-23 19:26:23|1645|4|0.42|269
270|1994-08-07 05:12:23|1994-08-21 05:12:23|2072|3|0.58|270
271|1980-11-01 08:51:42|1980-11-04 08:51:42|618|4|0.34|271
272|1981-06-21 03:55:49|1981-07-05 03:55:49|2898|3|0.34|272
273|1991-12-19 05:42:29|1992-01-02 05:42:29|2982|2|0.12|273
274|1971-01-31 21:01:24|1971-02-28 21:01:24|4648|2|0.29|274
275|1977-08-02 20:46:22|1977-08-30 20:46:22|4620|2|0.25|275
276|1982-12-01 05:59:57|1982-12-08 05:59:57|1722|3|0.80|276
277|2009-08-05 21:09:33|2009-08-12 21:09:33|1309|1|0.76|277
278|1991-02-18 04:55:06|1991-03-11 04:55:06|3864|1|0.73|278
279|2004-06-10 15:54:29|2004-06-24 15:54:29|3444|3|0.30|279
280|2017-08-26 06:27:00|2017-09-09 06:27:00|1792|2|0.00|280
281|2013-09-16 15:29:21|2013-09-23 15:29:21|847|4|0.89|281
282|2008-02-21 22:29:53|2008-02-28 22:29:53|1400|1|0.82|282
283|1990-02-27 04:23:05|1990-03-02 04:23:05|639|2|0.27|283
284|2008-02-07 22:02:38|2008-02-21 22:02:38|2562|3|0.31|284
285|2006-08-18 09:13:57|2006-09-15 09:13:57|6132|1|0.39|285
286|1982-02-08 22:19:07|1982-02-15 22:19:07|1568|2|0.11|286
287|1997-01-30 15:05:07|1997-02-02 15:05:07|540|1|0.11|287
288|2012-02-02 04:18:39|2012-02-23 04:18:39|4998|2|0.32|288
289|2017-05-04 03:05:31|2017-05-11 03:05:31|1253|4|0.59|289
290|1975-03-03 09:12:05|1975-03-10 09:12:05|861|3|0.89|290
291|1983-07-08 17:12:52|1983-07-22 17:12:52|3458|2|0.65|291
292|1976-05-09 13:36:12|1976-05-23 13:36:12|2646|1|1.00|292
293|1976-02-29 10:32:03|1976-03-07 10:32:03|1078|3|0.16|293
294|2018-06-06 13:02:47|2018-07-04 13:02:47|6440|4|0.17|294
295|2010-09-10 14:37:50|2010-09-17 14:37:50|1456|1|0.89|295
296|2015-02-17 16:21:05|2015-03-10 16:21:05|5082|1|0.21|296
297|1997-07-15 07:25:32|1997-08-05 07:25:32|3948|3|0.64|297
298|1987-12-04 02:21:07|1987-12-25 02:21:07|4977|4|0.15|298
299|1979-12-03 00:28:20|1979-12-31 00:28:20|3724|3|0.74|299
300|2018-09-19 11:53:16|2018-09-26 11:53:16|1218|3|0.03|300
301|1993-02-23 19:41:57|1993-02-26 19:41:57|738|3|0.01|301
302|2006-04-05 12:08:00|2006-04-08 12:08:00|714|3|0.98|302
303|1994-01-28 17:42:43|1994-02-04 17:42:43|1036|4|0.18|303
304|1996-12-31 10:37:01|1997-01-07 10:37:01|1526|2|0.69|304
305|1979-01-20 12:50:47|1979-01-27 12:50:47|1708|3|0.22|305
306|1996-03-20 04:42:25|1996-03-23 04:42:25|600|4|0.51|306
307|1977-01-19 15:19:46|1977-01-22 15:19:46|345|3|0.70|307
308|2020-02-08 09:31:55|2020-02-22 09:31:55|2352|3|0.35|308
309|1990-01-01 05:29:32|1990-01-22 05:29:32|2394|1|0.72|309
310|2011-09-29 15:18:03|2011-10-20 15:18:03|2877|1|0.55|310
311|2008-10-18 01:56:18|2008-10-21 01:56:18|390|2|0.25|311
312|1975-08-06 09:07:56|1975-09-03 09:07:56|6720|2|0.04|312
313|1992-01-14 23:52:26|1992-01-28 23:52:26|2282|2|0.69|313
314|1985-04-20 01:15:07|1985-04-23 01:15:07|447|2|0.01|314
315|2000-02-12 07:02:08|2000-02-26 07:02:08|2478|3|0.03|315
316|1972-10-10 09:56:52|1972-10-24 09:56:52|3248|3|0.37|316
317|1986-09-25 23:12:29|1986-10-16 23:12:29|3570|3|0.72|317
318|2007-04-17 07:06:34|2007-05-15 07:06:34|6272|1|0.27|318
319|1980-07-19 20:08:55|1980-08-02 20:08:55|2660|1|0.32|319
320|2015-06-05 07:58:41|2015-06-12 07:58:41|1456|4|0.73|320
321|1988-08-19 01:04:55|1988-09-09 01:04:55|4053|1|0.19|321
322|1971-10-18 03:52:07|1971-11-08 03:52:07|4641|2|0.37|322
323|2003-08-26 16:31:18|2003-09-02 16:31:18|1694|4|0.29|323
324|1985-04-11 04:44:11|1985-04-25 04:44:11|2086|1|0.26|324
325|2017-04-20 06:49:56|2017-04-23 06:49:56|411|2|0.11|325
326|1984-11-25 15:46:22|1984-12-16 15:46:22|2142|4|0.43|326
327|1986-09-12 06:00:37|1986-10-03 06:00:37|3171|4|0.64|327
328|1985-05-15 02:25:24|1985-05-18 02:25:24|336|3|0.50|328
329|1999-12-20 02:31:35|2000-01-03 02:31:35|2450|1|0.45|329
330|2014-02-02 12:27:10|2014-02-16 12:27:10|2002|1|0.01|330
331|1984-09-11 21:59:14|1984-09-14 21:59:14|489|4|0.08|331
332|1979-11-23 08:34:51|1979-12-21 08:34:51|3108|4|0.41|332
333|1970-11-05 15:50:14|1970-12-03 15:50:14|4620|2|0.59|333
334|1990-03-13 20:00:15|1990-04-03 20:00:15|4998|4|0.02|334
335|1986-08-01 16:54:04|1986-08-22 16:54:04|3801|2|0.00|335
336|1971-06-01 08:08:33|1971-06-04 08:08:33|351|3|0.50|336
337|2011-08-30 19:45:39|2011-09-27 19:45:39|6552|4|0.71|337
338|2002-11-20 19:44:33|2002-11-27 19:44:33|1414|4|0.70|338
339|1999-11-15 03:48:37|1999-12-06 03:48:37|5040|1|0.54|339
340|1998-03-18 02:17:49|1998-04-15 02:17:49|5404|1|0.22|340
341|2007-11-10 11:12:28|2007-11-17 11:12:28|1337|3|0.56|341
342|2007-07-06 19:12:23|2007-07-09 19:12:23|426|4|0.12|342
343|2008-08-28 20:19:16|2008-09-11 20:19:16|2016|1|0.46|343
344|1983-01-31 03:05:45|1983-02-03 03:05:45|432|1|0.10|344
345|1998-01-22 08:35:12|1998-02-19 08:35:12|5740|2|0.41|345
346|1982-08-30 11:56:35|1982-09-27 11:56:35|6384|4|0.68|346
347|2005-04-16 03:52:51|2005-05-07 03:52:51|2919|4|0.36|347
348|2009-07-13 05:43:56|2009-07-16 05:43:56|645|1|0.88|348
349|1997-03-12 12:43:41|1997-03-15 12:43:41|402|3|0.53|349
350|2012-09-07 12:14:44|2012-09-21 12:14:44|1736|4|0.40|350
351|2009-02-28 01:23:19|2009-03-28 01:23:19|5600|4|0.45|351
352|1996-05-05 12:24:27|1996-05-26 12:24:27|4053|1|0.85|352
353|2020-10-26 15:14:45|2020-11-02 15:14:45|805|2|0.05|353
354|1987-10-18 10:13:17|1987-11-15 10:13:17|4900|2|0.30|354
355|2018-02-04 06:22:06|2018-02-18 06:22:06|1848|1|0.13|355
356|1994-10-08 11:55:09|1994-11-05 11:55:09|6972|4|0.96|356
357|1987-12-08 18:04:37|1987-12-11 18:04:37|435|1|0.20|357
358|1999-05-09 09:14:30|1999-05-12 09:14:30|720|1|0.36|358
359|1995-03-13 01:54:23|1995-03-27 01:54:23|3206|1|0.65|359
360|1994-10-22 01:23:01|1994-11-05 01:23:01|1960|1|0.62|360
361|1985-12-21 15:28:15|1985-12-28 15:28:15|1407|3|0.26|361
362|1991-10-15 11:43:56|1991-11-12 11:43:56|6048|3|0.41|362
363|2006-10-09 22:43:49|2006-10-12 22:43:49|702|2|0.28|363
364|1994-04-20 03:02:35|1994-04-23 03:02:35|513|3|0.55|364
365|1975-03-30 20:24:56|1975-04-20 20:24:56|4179|4|0.77|365
366|2017-03-04 13:21:02|2017-03-18 13:21:02|3486|2|0.90|366
367|1979-02-25 20:04:53|1979-03-18 20:04:53|2184|4|0.07|367
368|1991-11-21 23:11:09|1991-11-28 23:11:09|1099|3|0.69|368
369|2017-10-20 02:41:24|2017-11-10 02:41:24|3570|3|0.83|369
370|1986-10-20 14:48:49|1986-11-10 14:48:49|4704|1|0.03|370
371|2006-08-18 21:47:48|2006-08-25 21:47:48|1148|2|0.66|371
372|2009-05-26 02:10:54|2009-06-02 02:10:54|1624|2|0.18|372
373|1978-10-06 11:07:24|1978-10-09 11:07:24|477|1|0.73|373
374|1976-07-29 12:54:53|1976-08-26 12:54:53|5796|4|0.38|374
375|2004-07-13 20:00:08|2004-08-03 20:00:08|4767|3|0.13|375
376|2018-03-16 05:34:14|2018-03-30 05:34:14|1848|2|0.56|376
377|2002-05-17 12:35:47|2002-06-07 12:35:47|4599|4|0.99|377
378|2006-06-07 10:37:38|2006-06-21 10:37:38|2688|1|0.59|378
379|1991-05-02 16:57:33|1991-05-16 16:57:33|1428|2|0.92|379
380|1977-02-18 00:10:49|1977-02-25 00:10:49|1141|2|0.46|380
381|2011-02-09 18:40:12|2011-03-02 18:40:12|3087|3|0.19|381
382|1985-07-03 14:33:37|1985-07-31 14:33:37|3892|4|0.66|382
383|2019-01-02 08:06:25|2019-01-05 08:06:25|714|2|0.27|383
384|1993-09-15 02:33:54|1993-09-22 02:33:54|903|3|0.62|384
385|2018-10-31 03:54:56|2018-11-07 03:54:56|1169|3|0.37|385
386|2017-10-12 21:29:57|2017-11-02 21:29:57|2247|3|0.11|386
387|2013-11-21 17:10:45|2013-11-24 17:10:45|624|1|0.00|387
388|2007-09-15 13:18:54|2007-09-22 13:18:54|749|2|0.04|388
389|1985-03-29 15:36:40|1985-04-26 15:36:40|3276|2|0.34|389
390|2001-08-30 18:10:15|2001-09-27 18:10:15|3668|4|0.96|390
391|1988-04-25 08:21:02|1988-05-23 08:21:02|3472|3|0.80|391
392|2009-01-29 06:55:42|2009-02-26 06:55:42|6580|4|0.34|392
393|1973-08-15 07:54:12|1973-08-29 07:54:12|2142|2|0.31|393
394|2001-04-27 07:10:41|2001-05-25 07:10:41|6132|4|0.01|394
395|2012-02-10 12:07:25|2012-03-02 12:07:25|4998|1|0.00|395
396|1999-10-19 08:11:54|1999-10-26 08:11:54|1421|4|0.80|396
397|2003-10-31 07:21:18|2003-11-07 07:21:18|1729|1|0.12|397
398|2010-03-22 22:46:12|2010-03-25 22:46:12|528|1|0.38|398
399|1999-09-07 10:02:38|1999-09-21 10:02:38|1778|2|0.97|399
400|1974-05-27 01:51:19|1974-05-30 01:51:19|312|1|0.76|400
401|1981-08-29 16:59:56|1981-09-05 16:59:56|1414|2|0.18|401
402|1971-07-04 16:13:13|1971-07-18 16:13:13|2884|3|0.70|402
403|2008-02-08 20:23:33|2008-02-15 20:23:33|1344|3|0.36|403
404|2000-07-08 17:44:47|2000-08-05 17:44:47|4592|4|0.61|404
405|2008-01-15 22:07:33|2008-02-05 22:07:33|2562|4|0.42|405
406|2014-04-02 17:40:57|2014-04-30 17:40:57|6748|1|0.51|406
407|1973-12-01 07:23:03|1973-12-22 07:23:03|3885|3|0.30|407
408|1993-08-27 17:19:32|1993-09-24 17:19:32|6972|3|0.40|408
409|2002-06-08 14:44:50|2002-06-29 14:44:50|2919|4|0.62|409
410|2018-01-24 09:44:21|2018-02-14 09:44:21|4599|4|0.38|410
411|1980-01-24 13:55:52|1980-02-07 13:55:52|3486|3|0.84|411
412|1974-05-05 04:21:49|1974-05-26 04:21:49|2268|1|0.19|412
413|2016-05-30 09:01:49|2016-06-20 09:01:49|4011|3|0.63|413
414|1994-02-12 23:09:25|1994-02-26 23:09:25|3318|4|0.16|414
415|1974-06-14 20:13:40|1974-06-17 20:13:40|669|1|0.59|415
416|2018-12-02 13:56:24|2018-12-30 13:56:24|5880|4|0.27|416
417|1988-10-15 06:19:31|1988-10-18 06:19:31|693|3|0.02|417
418|2008-10-09 07:16:46|2008-10-12 07:16:46|516|4|0.84|418
419|1987-02-24 19:03:21|1987-02-27 19:03:21|537|4|0.59|419
420|2019-07-11 14:03:03|2019-08-01 14:03:03|2436|1|0.88|420
421|1971-11-17 10:18:09|1971-11-24 10:18:09|1666|1|0.24|421
422|2018-07-24 22:15:11|2018-08-07 22:15:11|2464|2|0.58|422
423|2010-09-04 20:54:40|2010-09-18 20:54:40|2674|3|0.81|423
424|2003-05-27 03:27:32|2003-06-03 03:27:32|1134|3|0.55|424
425|1999-04-27 08:07:20|1999-05-11 08:07:20|2254|3|0.42|425
426|2017-12-03 10:17:28|2017-12-10 10:17:28|1582|2|0.46|426
427|1979-01-28 14:25:14|1979-02-18 14:25:14|3969|4|0.17|427
428|1996-12-18 17:57:24|1996-12-25 17:57:24|994|1|0.82|428
429|1984-08-23 22:16:02|1984-09-20 22:16:02|3192|4|0.33|429
430|2015-01-14 03:34:08|2015-02-04 03:34:08|3276|1|0.49|430
431|2000-10-07 07:08:55|2000-10-10 07:08:55|429|1|0.32|431
432|1991-01-31 17:58:36|1991-02-03 17:58:36|543|2|0.31|432
433|2006-08-21 21:32:33|2006-09-04 21:32:33|2730|1|0.33|433
434|2017-06-12 03:33:36|2017-07-10 03:33:36|6692|3|0.87|434
435|2015-11-29 22:54:51|2015-12-27 22:54:51|6160|2|0.48|435
436|1990-09-25 09:24:22|1990-10-23 09:24:22|4032|4|0.82|436
437|1992-06-29 10:45:46|1992-07-27 10:45:46|3668|3|0.19|437
438|1985-10-29 10:02:10|1985-11-12 10:02:10|2604|1|0.80|438
439|2008-10-11 21:09:35|2008-11-08 21:09:35|3360|1|0.37|439
440|2004-07-26 06:54:57|2004-08-02 06:54:57|1645|1|0.79|440
441|1997-09-15 13:39:59|1997-09-29 13:39:59|2660|2|0.50|441
442|1979-10-25 22:22:38|1979-11-15 22:22:38|5229|4|0.99|442
443|2006-09-21 03:27:39|2006-10-19 03:27:39|3500|1|0.40|443
444|2016-05-13 08:14:39|2016-06-10 08:14:39|6300|1|0.41|444
445|2009-12-08 19:03:31|2009-12-15 19:03:31|1729|3|0.22|445
446|1991-05-26 21:51:27|1991-06-16 21:51:27|4305|2|0.54|446
447|1970-06-18 09:38:54|1970-06-21 09:38:54|735|4|0.54|447
448|2011-06-26 13:14:49|2011-07-10 13:14:49|2338|3|0.85|448
449|1973-08-09 14:23:02|1973-08-23 14:23:02|1918|2|0.54|449
450|2018-06-17 16:22:30|2018-07-01 16:22:30|3360|4|0.92|450
451|1994-05-21 19:48:40|1994-06-11 19:48:40|4179|4|0.29|451
452|2009-12-23 02:11:13|2009-12-26 02:11:13|486|3|0.98|452
453|1978-02-22 17:54:57|1978-02-25 17:54:57|579|2|0.85|453
454|1974-11-01 01:08:19|1974-11-04 01:08:19|573|4|0.06|454
455|2011-10-10 08:03:46|2011-10-31 08:03:46|2898|3|0.13|455
456|1974-05-01 12:01:06|1974-05-15 12:01:06|2926|1|0.18|456
457|2006-01-19 13:17:41|2006-02-02 13:17:41|2436|3|0.44|457
458|1998-02-25 20:29:09|1998-03-18 20:29:09|2100|3|0.73|458
459|2019-09-14 16:50:53|2019-09-21 16:50:53|1253|4|0.61|459
460|1980-12-20 19:51:08|1980-12-27 19:51:08|728|3|0.44|460
461|2019-11-07 18:52:35|2019-11-28 18:52:35|3234|4|0.87|461
462|1983-03-31 06:44:04|1983-04-03 06:44:04|666|4|0.73|462
463|1986-12-06 22:42:03|1987-01-03 22:42:03|4984|3|0.39|463
464|2010-12-07 23:54:58|2010-12-10 23:54:58|309|4|0.60|464
465|1982-03-16 12:57:45|1982-03-19 12:57:45|354|3|0.77|465
466|1982-05-02 16:44:08|1982-05-05 16:44:08|741|2|0.16|466
467|1972-01-03 22:00:46|1972-01-17 22:00:46|1736|3|0.11|467
468|2014-03-12 02:22:18|2014-04-09 02:22:18|3668|3|0.48|468
469|2003-09-07 16:07:04|2003-09-28 16:07:04|2814|4|0.35|469
470|2019-08-03 02:52:01|2019-08-06 02:52:01|354|1|0.87|470
471|1978-02-18 04:35:07|1978-03-04 04:35:07|3430|3|0.76|471
472|1992-07-30 16:30:53|1992-08-06 16:30:53|875|1|1.00|472
473|1976-01-24 17:38:16|1976-02-14 17:38:16|5187|2|0.37|473
474|1976-05-29 09:28:45|1976-06-01 09:28:45|543|1|0.72|474
475|1997-06-18 10:06:18|1997-07-09 10:06:18|2331|2|1.00|475
476|2009-01-22 22:03:32|2009-01-25 22:03:32|594|3|0.25|476
477|2017-09-12 16:11:53|2017-09-15 16:11:53|711|3|0.30|477
478|2016-08-21 13:01:22|2016-09-18 13:01:22|3444|3|0.91|478
479|1996-05-14 03:36:28|1996-05-21 03:36:28|1736|3|0.23|479
480|1997-09-26 07:28:17|1997-10-10 07:28:17|2100|4|0.32|480
481|1995-12-13 00:46:03|1996-01-03 00:46:03|3213|4|0.75|481
482|2017-05-23 11:45:50|2017-06-13 11:45:50|4872|1|0.71|482
483|2002-04-14 11:08:04|2002-05-12 11:08:04|5824|1|0.01|483
484|1979-06-05 16:08:04|1979-07-03 16:08:04|5992|1|0.46|484
485|1993-05-12 15:38:52|1993-06-09 15:38:52|3976|1|0.15|485
486|1982-06-15 05:32:50|1982-06-22 05:32:50|1561|2|0.77|486
487|1976-07-10 16:41:14|1976-07-31 16:41:14|4641|2|0.31|487
488|1991-03-06 19:16:43|1991-03-13 19:16:43|1274|3|0.37|488
489|1994-03-03 11:22:35|1994-03-31 11:22:35|4144|1|0.74|489
490|1982-01-27 13:45:14|1982-01-30 13:45:14|741|2|0.28|490
491|2018-02-17 02:47:10|2018-02-24 02:47:10|1575|1|0.66|491
492|1999-04-15 16:16:13|1999-05-13 16:16:13|3556|2|0.23|492
493|1987-02-24 20:17:11|1987-03-03 20:17:11|980|2|0.66|493
494|2004-01-02 15:49:05|2004-01-30 15:49:05|3332|4|0.34|494
495|1976-03-05 05:14:06|1976-04-02 05:14:06|4032|1|0.30|495
496|1982-07-24 10:08:08|1982-08-07 10:08:08|1680|2|0.39|496
497|1987-09-23 21:37:28|1987-10-07 21:37:28|2044|3|0.09|497
498|1997-04-26 12:59:05|1997-05-03 12:59:05|707|4|0.58|498
499|1983-08-27 02:54:42|1983-08-30 02:54:42|702|1|0.47|499
